Name,Known As,Born,Career,Matches,Inns,Runs,100s,HS,Bat Avg,Wkts,5W,Bowl Avg,E/R,Best,Country,Format
R Abel,Robert Abel,30/11/1857,1888-1902,13,22,744,2,132,37.20,0,0,-,-,,ENG,T
C A Absolom,Charles Absolom,07/06/1846,1879-1879,1,2,58,0,52*,29.00,0,0,-,-,,ENG,T
C J Adams,Christopher Adams,06/05/1970,1999-2000,5,8,104,0,31*,13.00,1,0,59.00,2.95,1/42,ENG,T
U Afzaal,Usman Afzaal,09/06/1977,2001-2001,3,6,83,0,54*,16.60,1,0,49.00,5.44,1/49,ENG,T
J P Agnew,Jonathan Agnew,04/04/1960,1984-1985,3,4,10,0,5*,10.00,4,0,93.25,4.05,2/51,ENG,T
Ajmal Shahzad,Ajmal Shahzad,27/07/1985,2010-2010,1,1,5,0,5*,5.00,4,0,15.75,3.71,3/45,ENG,T
D A Allen,David Allen,29/10/1935,1960-1966,39,51,918,0,88*,25.50,122,4,30.98,2.01,5/30,ENG,T
G O B Allen,Gubby Allan,31/07/1902,1930-1948,25,33,750,1,122*,24.19,81,5,29.37,3.25,7/80,ENG,T
M J C Allom,Maurice Allom,23/03/1906,1930-1931,5,3,14,0,8,14.00,14,1,18.93,1.95,5/38,ENG,T
P J W Allott,Paul Allott,14/09/1956,1981-1985,13,18,213,0,52,14.20,26,1,41.69,2.92,6/61,ENG,T
T R Ambrose,Timothy Ambrose,01/12/1982,2008-2009,11,16,447,1,102*,29.80,0,0,-,-,,ENG,T
L E G Ames,Leslie Ames,03/12/1905,1929-1939,47,72,2434,8,149*,40.57,0,0,-,-,,ENG,T
D L Amiss,Dennis Amiss,07/04/1943,1966-1977,50,88,3612,11,262,46.31,0,0,-,-,,ENG,T
J M Anderson,James Anderson,30/07/1982,2003-2024,188,265,1353,0,81*,8.96,704,32,26.46,2.79,7/42,ENG,T
K V Andrew,Keith Andrew,15/12/1929,1954-1963,2,4,29,0,15*,9.67,0,0,-,-,,ENG,T
Z S Ansari,Zafar Ansari,10/12/1991,2016-2016,3,5,49,0,32*,9.80,5,0,55.00,4.04,2/76,ENG,T
R Appleyard,Robert Appleyard,27/06/1924,1954-1956,9,9,51,0,19,17.00,31,1,17.87,2.08,5/51,ENG,T
A G Archer,Alfred Archer,06/12/1871,1899-1899,1,2,31,0,24,31.00,0,0,-,-,,ENG,T
J C Archer*,Jofra Archer,01/04/1995,2019-2021,13,20,155,0,30*,7.75,42,3,31.05,3.00,6/45,ENG,T
T Armitage,Thomas Armitage,25/04/1848,1877-1877,2,3,33,0,21*,11.00,0,0,-,7.50,0/15,ENG,T
E G Arnold,Edward Arnold,07/11/1876,1903-1907,10,15,160,0,40*,13.33,31,1,25.42,2.81,5/37,ENG,T
G G Arnold,Geoffrey Arnold,03/09/1944,1967-1975,34,46,421,0,59*,12.03,115,6,28.30,2.55,6/45,ENG,T
J Arnold,John Arnold,30/11/1907,1931-1931,1,2,34,0,34*,17.00,0,0,-,-,,ENG,T
W E Astill,William Astill,01/03/1888,1927-1930,9,15,190,0,40*,12.67,25,0,34.24,2.35,4/58,ENG,T
M A Atherton,Michael Atherton,23/05/1968,1989-2001,115,212,7728,16,185,37.70,2,0,151.00,4.44,1/20,ENG,T
C W J Athey,Bill Athey,27/09/1957,1980-1988,23,41,919,1,123*,22.98,0,0,-,-,,ENG,T
A A P Atkinson*,Gus Atkinson,19/01/1998,2024-,12,16,352,1,118*,23.47,55,3,22.02,3.73,7/45,ENG,T
W Attewell,William Attewell,12/06/1861,1884-1892,10,15,150,0,43,16.67,28,0,22.36,1.32,4/42,ENG,T
R J Bailey,Robert Bailey,28/10/1963,1988-1990,4,8,119,0,43*,14.88,0,0,-,-,,ENG,T
T E Bailey,Trevor Bailey,03/12/1923,1949-1959,61,91,2290,1,134,29.74,132,5,29.21,2.38,7/34,ENG,T
D L Bairstow,David Bairstow,01/09/1951,1979-1981,4,7,125,0,59*,20.83,0,0,-,-,,ENG,T
J M Bairstow*,Jonny Bairstow,26/09/1989,2012-,100,178,6042,12,167,36.40,0,0,-,-,,ENG,T
A H Bakewell,Alfred Bakewell,02/11/1908,1931-1935,6,9,409,1,107*,45.44,0,0,-,2.67,0/8,ENG,T
J C Balderstone,John Balderstone,16/11/1940,1976-1976,2,4,39,0,35*,9.75,1,0,80.00,5.00,1/80,ENG,T
J T Ball,Jacob Ball,14/03/1991,2016-2017,4,8,67,0,31*,8.38,3,0,114.33,3.36,1/47,ENG,T
G S Ballance*,Gary Ballance,22/11/1989,2014-,23,42,1498,4,156*,37.45,0,0,-,2.50,0/0,ENG,T
R W Barber,Bob Barber,26/09/1935,1960-1968,28,45,1495,1,185*,35.60,42,0,43.00,3.16,4/132,ENG,T
W Barber,Wilfred Barber,18/04/1901,1935-1935,2,4,83,0,44*,20.75,1,0,-,0.00,1/0,ENG,T
G D Barlow,Graham Barlow,26/03/1950,1976-1977,3,5,17,0,7,4.25,0,0,-,-,,ENG,T
R G Barlow,Richard Barlow,28/05/1851,1881-1887,17,30,591,0,62*,22.73,34,3,22.56,1.87,7/40,ENG,T
S F Barnes,Sydney Barnes,19/04/1873,1901-1914,27,39,242,0,38,8.07,189,24,16.43,2.37,9/103,ENG,T
W Barnes,William Barnes,27/05/1852,1880-1890,21,33,725,1,134*,23.39,51,3,15.55,2.08,6/28,ENG,T
C J Barnett,Charles Barnett,03/07/1910,1933-1948,20,35,1098,2,129*,35.42,0,0,-,2.18,0/1,ENG,T
K J Barnett,Kim Barnett,17/07/1960,1988-1989,4,7,207,0,80*,29.57,0,0,-,5.33,0/32,ENG,T
F Barratt,Frederick Barratt,12/04/1894,1929-1930,5,4,28,0,17*,9.33,5,0,47.00,1.88,1/8,ENG,T
K F Barrington,Ken Barrington,24/11/1930,1955-1968,82,131,6806,20,256*,58.67,29,0,44.83,2.87,3/4,ENG,T
V A Barton,Victor Barton,22/10/1867,1892-1892,1,1,23,0,23*,23.00,0,0,-,-,,ENG,T
W Bates,Billy Bates,19/11/1855,1881-1887,15,26,656,0,64*,27.33,50,4,16.42,2.08,7/28,ENG,T
G J Batty,Gareth Batty,13/10/1977,2003-2016,9,12,149,0,38*,14.90,15,0,60.93,3.20,3/55,ENG,T
G Bean,George Bean,07/03/1864,1892-1892,3,5,92,0,50*,18.40,0,0,-,-,,ENG,T
A V Bedser,Alec Bedser,04/07/1918,1946-1955,51,71,714,0,79*,12.75,236,15,24.90,2.21,7/44,ENG,T
I R Bell,Ian Bell,11/04/1982,2004-2015,118,205,7727,22,235*,42.69,1,0,76.00,4.22,1/33,ENG,T
J E Benjamin,Joseph Benjamin,02/02/1961,1994-1994,1,1,0,0,0*,0.00,4,0,20.00,2.86,4/42,ENG,T
M R Benson,Mark Benson,06/07/1958,1986-1986,1,2,51,0,30*,25.50,0,0,-,-,,ENG,T
R Berry,Robert Berry,29/01/1926,1950-1950,2,4,6,0,4,3.00,9,1,25.33,2.09,5/63,ENG,T
D M Bess,Dom Bess,22/07/1997,2018-2021,14,19,319,0,57*,22.79,36,2,33.97,2.93,5/30,ENG,T
J G Bethell*,Jacob Bethell,23/10/2003,2024-,3,6,260,0,96*,52.00,3,0,25.67,5.02,3/72,ENG,T
M P Bicknell,Martin Bicknell,14/01/1969,1993-2003,4,7,45,0,15*,6.43,14,0,38.79,3.02,4/84,ENG,T
S W Billings*,Sam Billings,15/06/1991,2022-,3,3,66,0,36*,22.00,0,0,-,-,,ENG,T
J G Binks,Jimmy Binks,05/10/1935,1964-1964,2,4,91,0,55*,22.75,0,0,-,-,,ENG,T
M C Bird,Morice Bird,25/03/1888,1910-1914,10,16,280,0,61*,18.67,8,0,15.00,2.73,3/11,ENG,T
J Birkenshaw,Jack Birkenshaw,13/11/1940,1973-1974,5,7,148,0,64*,21.14,13,1,36.08,2.77,5/57,ENG,T
I D Blackwell,Ian Blackwell,10/06/1978,2006-2006,1,1,4,0,4*,4.00,0,0,-,3.74,0/28,ENG,T
R J Blakey,Richard Blakey,15/01/1967,1993-1993,2,4,7,0,6*,1.75,0,0,-,-,,ENG,T
I F W Bligh,Ivo Bligh,13/03/1859,1882-1883,4,7,62,0,19*,10.33,0,0,-,-,,ENG,T
C Blythe,Colin Blythe,30/05/1879,1901-1910,19,31,183,0,27*,9.63,100,9,18.63,2.46,8/59,ENG,T
J H Board,John Board,23/02/1867,1899-1906,6,12,108,0,29*,10.80,0,0,-,-,,ENG,T
J B Bolus,Brian Bolus,31/01/1934,1963-1964,7,12,496,0,88*,41.33,0,0,-,5.33,0/16,ENG,T
W Booth,William Booth,10/12/1886,1913-1914,2,2,46,0,32*,23.00,7,0,18.57,2.50,4/49,ENG,T
R S Bopara,Ravi Bopara,04/05/1985,2007-2012,13,19,575,3,143*,31.94,1,0,290.00,4.01,1/39,ENG,T
S G Borthwick,Scott Borthwick,19/04/1990,2014-2014,1,2,5,0,4*,2.50,4,0,20.50,6.31,3/33,ENG,T
B J T Bosanquet,Bernard Bosanquet,13/10/1877,1903-1905,7,14,147,0,27*,13.36,25,2,24.16,3.74,8/107,ENG,T
I T Botham,Ian Botham,24/11/1955,1977-1992,102,161,5200,14,208*,33.55,383,27,28.40,2.99,8/34,ENG,T
M P Bowden,Montague Bowden,01/11/1865,1889-1889,2,2,25,0,25*,12.50,0,0,-,-,,ENG,T
W E Bowes,William Bowes,25/07/1908,1932-1946,15,11,28,0,10,4.67,68,6,22.34,2.49,6/33,ENG,T
E H Bowley,Edward Bowley,06/06/1890,1929-1930,5,7,252,1,109*,36.00,0,0,-,2.76,0/7,ENG,T
G Boycott,Geoff Boycott,21/10/1940,1964-1982,108,193,8114,22,246,47.73,7,0,54.57,2.43,3/47,ENG,T
J R Bracey,James Bracey,03/05/1997,2021-2021,2,3,8,0,8*,2.67,0,0,-,-,,ENG,T
W M Bradley,Walter Bradley,02/01/1875,1899-1899,2,2,23,0,23,23.00,6,1,38.83,2.24,5/67,ENG,T
L C Braund,Leonard Braund,18/10/1875,1901-1908,23,41,987,3,104*,25.97,47,3,38.51,2.86,8/81,ENG,T
J M Brearley,Mike Brearley,28/04/1942,1976-1981,39,66,1442,0,91*,22.89,0,0,-,-,,ENG,T
W Brearley,Walter Brearley,11/03/1876,1905-1912,4,5,21,0,11,7.00,17,1,21.12,3.06,5/110,ENG,T
D V Brennan,Donald Brennan,10/02/1920,1951-1951,2,2,16,0,16*,8.00,0,0,-,-,,ENG,T
T T Bresnan,Tim Bresnan,28/02/1985,2009-2013,23,26,575,0,91*,26.14,72,1,32.74,3.03,5/48,ENG,T
J Briggs,John Briggs,03/10/1862,1884-1899,33,50,815,1,121*,18.11,118,9,17.75,2.36,8/11,ENG,T
B C Broad,Chris Broad,29/09/1957,1984-1989,25,44,1661,6,162*,39.55,0,0,-,4.00,0/4,ENG,T
S C J Broad,Stuart Broad,24/06/1986,2007-2023,167,243,3662,1,169*,18.04,604,20,27.68,2.98,8/15,ENG,T
W Brockwell,William Brockwell,21/01/1865,1893-1899,7,12,202,0,49*,16.83,5,0,61.80,3.19,3/33,ENG,T
H R Bromley-Davenport,Hugh Bromley-Davenport,18/08/1870,1896-1899,4,6,128,0,84*,21.33,4,0,24.50,3.79,2/46,ENG,T
H C Brook*,Harry Brook,22/02/1999,2022-,25,41,2339,8,317*,58.48,1,0,50.00,3.13,1/25,ENG,T
D Brookes,Dennis Brookes,29/10/1915,1948-1948,1,2,17,0,10*,8.50,0,0,-,-,,ENG,T
A Brown,Alan Brown,17/10/1935,1961-1961,2,1,3,0,3,0.00,3,0,50.00,2.79,3/27,ENG,T
D J Brown,David Brown,30/01/1942,1965-1969,26,34,342,0,44,11.79,79,2,28.32,2.63,5/42,ENG,T
F R Brown,Frederick Brown,16/12/1910,1931-1953,22,30,734,0,79*,25.31,45,1,31.07,2.57,5/49,ENG,T
G Brown,George Brown,06/10/1887,1921-1923,7,12,299,0,84*,29.90,0,0,-,-,,ENG,T
J T Brown,John Brown,20/08/1869,1894-1899,8,16,470,1,140*,36.15,0,0,-,3.77,0/22,ENG,T
S J E Brown,Simon Brown,29/06/1969,1996-1996,1,2,11,0,10,11.00,2,0,69.00,4.18,1/60,ENG,T
C P Buckenham,Claude Buckenham,16/01/1876,1910-1910,4,7,43,0,17*,6.14,21,1,28.24,3.01,5/115,ENG,T
R J Burns,Rory Burns,16/08/1990,2018-2022,32,59,1789,3,133*,30.32,0,0,-,-,,ENG,T
A R Butcher,Alan Butcher,07/01/1954,1979-1979,1,2,34,0,20*,17.00,0,0,-,4.50,0/9,ENG,T
M A Butcher,Mark Butcher,23/08/1972,1997-2004,71,131,4288,8,173,34.58,15,0,36.07,3.60,4/42,ENG,T
R O Butcher,Roland Butcher,14/10/1953,1981-1981,3,5,71,0,32*,14.20,0,0,-,-,,ENG,T
H J Butler,Harold Butler,12/03/1913,1947-1948,2,2,15,0,15,15.00,12,0,17.92,2.34,4/34,ENG,T
H R Butt,Harry Butt,27/12/1865,1896-1896,3,4,22,0,13*,7.33,0,0,-,-,,ENG,T
J C Buttler*,Jos Buttler,08/09/1990,2014-2022,57,100,2907,2,152*,31.95,0,0,-,-,,ENG,T
A R Caddick,Andy Caddick,21/11/1968,1993-2003,62,95,861,0,49,10.37,234,13,29.91,3.10,7/46,ENG,T
F S G Calthorpe,Frederick Calthorpe,27/05/1892,1930-1930,4,7,129,0,49*,18.43,1,0,91.00,2.68,1/38,ENG,T
D J Capel,David Capel,06/02/1963,1987-1990,15,25,374,0,98*,15.58,21,0,50.67,3.19,3/88,ENG,T
M A Carberry,Michael Carberry,29/09/1980,2010-2014,6,12,345,0,60*,28.75,0,0,-,-,,ENG,T
A W Carr,Arthur Carr,21/05/1893,1922-1929,11,13,237,0,63*,19.75,0,0,-,-,,ENG,T
D B Carr,Donald Carr,28/12/1926,1951-1952,2,4,135,0,76*,33.75,2,0,70.00,4.00,2/84,ENG,T
D W Carr,Douglas Carr,17/03/1872,1909-1909,1,1,0,0,0*,0.00,7,1,40.29,4.09,5/146,ENG,T
B A Carse*,Brydon Carse,31/07/1995,2024-2024,5,7,94,0,33,18.80,27,1,19.85,3.43,6/42,ENG,T
T W Cartwright,Tom Cartwright,22/07/1935,1964-1965,5,7,26,0,9*,5.20,15,1,36.27,2.03,6/94,ENG,T
A P F Chapman,Percy Chapman,03/09/1900,1924-1931,26,36,925,1,121*,28.91,0,0,-,3.00,0/10,ENG,T
H R J Charlwood,Henry Charlwood,19/12/1846,1877-1877,2,4,63,0,36*,15.75,0,0,-,-,,ENG,T
W Chatterton,William Chatterton,27/12/1861,1892-1892,1,1,48,0,48*,48.00,0,0,-,-,,ENG,T
J H Childs,John Childs,15/08/1951,1988-1988,2,4,2,0,2,0.00,3,0,61.00,2.13,1/13,ENG,T
S Christopherson,Stanley Christopherson,11/11/1861,1884-1884,1,1,17,0,17*,17.00,1,0,69.00,3.04,1/52,ENG,T
E W Clark,Edward Clark,09/08/1902,1929-1934,8,9,36,0,10*,9.00,32,1,28.09,2.79,5/98,ENG,T
R Clarke,Rikki Clarke,29/09/1981,2003-2003,2,3,96,0,55*,32.00,4,0,15.00,2.07,2/7,ENG,T
J C Clay,John Clay,18/03/1898,1935-1935,1,0,0,0,0*,0.00,0,0,-,2.34,0/30,ENG,T
D B Close,Brian Close,24/02/1931,1949-1976,22,37,887,0,70*,25.34,18,0,29.56,2.63,4/35,ENG,T
L J Coldwell,Leonard Coldwell,10/01/1933,1962-1964,7,7,9,0,6,4.50,22,1,27.73,2.19,6/85,ENG,T
P D Collingwood,Paul Collingwood,26/05/1976,2003-2011,68,115,4259,10,206*,40.56,17,0,59.88,3.21,3/23,ENG,T
D C S Compton,Denis Compton,23/05/1918,1937-1957,78,131,5807,17,278*,50.06,25,1,56.40,3.11,5/70,ENG,T
N R D Compton,Nicholas Compton,26/06/1983,2012-2016,16,30,775,2,117*,28.70,0,0,-,-,,ENG,T
A N Cook,Alastair Cook,25/12/1984,2006-2018,161,291,12472,33,294*,45.35,1,0,7.00,2.33,1/6,ENG,T
C Cook,Cecil Cook,23/08/1921,1947-1947,1,2,4,0,4*,2.00,0,0,-,4.23,0/40,ENG,T
G Cook,Geoffrey Cook,09/10/1951,1982-1983,7,13,203,0,66*,15.62,0,0,-,3.86,0/4,ENG,T
N G B Cook,Nicholas Cook,17/06/1956,1983-1989,15,25,179,0,31*,8.52,52,4,32.48,2.43,6/65,ENG,T
S J Cook*,Sam Cook,04/08/1997,2025-2025,1,0,0,0,0*,0.00,1,0,76.00,3.62,1/72,ENG,T
G A Cope,Geoffrey Cope,23/02/1947,1977-1978,3,3,40,0,22*,13.33,8,0,34.63,1.92,3/102,ENG,T
W H Copson,William Copson,27/04/1908,1939-1947,3,1,6,0,6*,6.00,15,1,19.80,2.34,5/85,ENG,T
D G Cork,Dominic Cork,07/08/1971,1995-2002,37,56,864,0,59*,18.00,131,5,29.82,3.05,7/43,ENG,T
W L Cornford,Walter Cornford,25/12/1900,1930-1930,4,4,36,0,18*,9.00,0,0,-,-,,ENG,T
R M H Cottam,Robert Cottam,16/10/1944,1969-1972,4,5,27,0,13*,6.75,14,0,23.36,2.17,4/50,ENG,T
C J Coventry,Charles Coventry,26/02/1867,1889-1889,2,2,13,0,12*,13.00,0,0,-,-,,ENG,T
N G Cowans,Norman Cowans,17/04/1961,1982-1985,19,29,175,0,36*,7.95,51,2,39.27,3.48,6/77,ENG,T
C S Cowdrey,Christopher Cowdrey,20/10/1957,1984-1988,6,8,101,0,38*,14.43,4,0,77.25,4.65,2/65,ENG,T
M C Cowdrey,Colin Cowdrey,24/12/1932,1954-1975,114,188,7624,22,182*,44.07,0,0,-,5.24,0/1,ENG,T
A Coxon,Alec Coxon,18/01/1916,1948-1948,1,2,19,0,19*,9.50,3,0,57.33,2.73,2/90,ENG,T
M S Crane,Mason Crane,18/02/1997,2018-2018,1,2,6,0,4*,3.00,1,0,193.00,4.02,1/193,ENG,T
J Cranston,James Cranston,09/01/1859,1890-1890,1,2,31,0,16*,15.50,0,0,-,-,,ENG,T
K Cranston,Kenneth Cranston,20/10/1917,1947-1948,8,14,209,0,45*,14.93,18,0,25.61,2.74,4/12,ENG,T
J F Crapp,John Crapp,14/10/1912,1948-1949,7,13,319,0,56*,29.00,0,0,-,-,,ENG,T
J N Crawford,John Crawford,01/12/1886,1906-1908,12,23,469,0,74*,22.33,39,3,29.49,3.13,5/48,ENG,T
J P Crawley,John Crawley,21/09/1971,1994-2003,37,61,1800,4,156,34.62,0,0,-,-,,ENG,T
Z Crawley*,Zak Crawley,03/02/1998,2019-,54,98,3023,5,267*,31.49,0,0,-,-,,ENG,T
R D B Croft,Robert Croft,25/05/1970,1996-2001,21,34,421,0,37,16.19,49,1,37.24,2.37,5/95,ENG,T
S M Curran*,Sam Curran,03/06/1998,2018-2021,24,38,815,0,78*,24.70,47,0,35.51,3.24,4/58,ENG,T
T K Curran,Tom Curran,12/03/1995,2017-2018,2,3,66,0,39*,33.00,2,0,100.00,3.03,1/65,ENG,T
T S Curtis,Timothy Curtis,15/01/1960,1988-1989,5,9,140,0,41*,15.56,0,0,-,2.33,0/7,ENG,T
W R Cuttell,Willis Cuttell,13/09/1863,1899-1899,2,4,65,0,21*,16.25,6,0,12.17,1.54,3/17,ENG,T
E W Dawson,Edward Dawson,13/02/1904,1928-1930,5,9,175,0,55*,19.44,0,0,-,-,,ENG,T
L A Dawson*,Liam Dawson,01/03/1990,2016-2017,3,6,84,0,66,21.00,7,0,42.57,3.40,2/34,ENG,T
R K J Dawson,Richard Dawson,04/08/1980,2001-2003,7,13,114,0,19,11.40,11,0,61.55,3.64,4/134,ENG,T
P A J De Freitas,Phillip De Freitas,18/02/1966,1986-1995,44,68,934,0,88*,14.83,140,4,33.57,2.87,7/70,ENG,T
H Dean,Harry Dean,13/08/1884,1912-1912,3,4,10,0,8*,5.00,11,0,13.91,2.05,4/19,ENG,T
J L Denly,Joe Denly,16/03/1986,2019-2020,15,28,827,0,94*,29.54,2,0,109.50,3.37,2/42,ENG,T
M H Denness,Michael Denness,01/12/1940,1969-1975,28,45,1667,4,188*,39.69,0,0,-,-,,ENG,T
D Denton,David Denton,04/07/1874,1905-1910,11,22,424,1,104*,20.19,0,0,-,-,,ENG,T
J G Dewes,John Dewes,11/10/1926,1948-1950,5,10,121,0,67*,12.10,0,0,-,-,,ENG,T
E R Dexter,Ted Dexter,15/05/1935,1958-1968,62,102,4502,9,205*,47.89,66,0,34.94,2.60,4/10,ENG,T
G R Dilley,Graham Dilley,18/05/1959,1979-1989,41,58,521,0,56*,13.36,138,6,29.76,3.01,6/38,ENG,T
A E Dipper,Alfred Dipper,09/11/1885,1921-1921,1,2,51,0,40*,25.50,0,0,-,-,,ENG,T
G H G Doggart,Hubert Doggart,18/07/1925,1950-1950,2,4,76,0,29*,19.00,0,0,-,-,,ENG,T
B L D'Oliveira,Basil D'Oliveira,04/10/1931,1966-1972,44,70,2484,5,158*,40.06,47,0,39.55,1.95,3/46,ENG,T
H E Dollery,Horace Dollery,14/10/1914,1947-1950,4,7,72,0,37*,10.29,0,0,-,-,,ENG,T
A Dolphin,Arthur Dolphin,24/12/1885,1921-1921,1,2,1,0,1*,0.50,0,0,-,-,,ENG,T
J W H Douglas,John Douglas,03/09/1882,1911-1925,23,35,962,1,119*,29.15,45,1,33.02,3.17,5/46,ENG,T
P R Downton,Paul Downton,04/04/1957,1981-1988,30,48,785,0,74*,19.63,0,0,-,-,,ENG,T
N F Druce,Norman Druce,01/01/1875,1897-1898,5,9,252,0,64*,28.00,0,0,-,-,,ENG,T
A Ducat,Andrew Ducat,16/02/1886,1921-1921,1,2,5,0,3*,2.50,0,0,-,-,,ENG,T
B M Duckett*,Ben Duckett,17/10/1994,2016-,33,61,2410,5,182*,41.55,0,0,-,-,,ENG,T
G Duckworth,George Duckworth,09/05/1901,1924-1936,24,28,234,0,39,14.63,0,0,-,-,,ENG,T
K S Duleepsinhji,Kumar Duleepsinhji,13/06/1905,1929-1931,12,19,995,3,173*,58.53,0,0,-,7.00,0/7,ENG,T
F J Durston,Frederick Durston,11/07/1893,1921-1921,1,2,8,0,6,8.00,5,0,27.20,4.04,4/102,ENG,T
M A Ealham,Mark Ealham,27/08/1969,1996-1998,8,13,210,0,53,21.00,17,0,28.71,2.76,4/21,ENG,T
P H Edmonds,Phillippe Edmonds,08/03/1951,1975-1987,51,65,875,0,64*,17.50,125,2,34.18,2.13,7/66,ENG,T
J H Edrich,John Edrich,21/06/1937,1963-1976,77,127,5138,12,310,43.54,0,0,-,4.60,0/6,ENG,T
W J Edrich,William Edrich,26/03/1916,1938-1955,39,63,2440,6,219*,40.00,41,0,41.29,3.14,4/68,ENG,T
H Elliott,Harry Elliott,02/11/1891,1928-1934,4,5,61,0,37,15.25,0,0,-,-,,ENG,T
R M Ellison,Richard Ellison,21/09/1959,1984-1986,11,16,202,0,41*,13.47,35,3,29.94,2.78,6/77,ENG,T
J E Emburey,John Emburey,20/08/1952,1978-1995,64,96,1713,0,75*,22.54,147,6,38.41,2.20,7/78,ENG,T
G M Emmett,George Emmett,02/12/1912,1948-1948,1,2,10,0,10*,5.00,0,0,-,-,,ENG,T
T Emmett,Thomas Emmett,03/09/1841,1877-1882,7,13,160,0,48*,13.33,9,1,31.56,2.34,7/68,ENG,T
A J Evans,Alfred Evans,01/05/1889,1921-1921,1,2,18,0,14*,9.00,0,0,-,-,,ENG,T
T G Evans,Godfrey Evans,18/08/1920,1946-1959,91,133,2439,2,104*,20.50,0,0,-,-,,ENG,T
A E Fagg,Arthur Fagg,18/02/1915,1936-1939,5,8,150,0,39*,18.75,0,0,-,-,,ENG,T
N H Fairbrother,Neil Fairbrother,09/09/1963,1987-1993,10,15,219,0,83*,15.64,0,0,-,4.50,0/9,ENG,T
F L Fane,Frederick Fane,27/04/1875,1906-1910,14,27,682,1,143*,26.23,0,0,-,-,,ENG,T
K Farnes,Kenneth Farnes,08/07/1911,1934-1939,15,17,58,0,20*,4.83,60,3,28.65,2.62,6/96,ENG,T
W Farrimond,William Farrimond,23/05/1903,1931-1935,4,7,116,0,35*,16.57,0,0,-,-,,ENG,T
P G H Fender,Percy Fender,22/08/1892,1921-1929,13,21,380,0,60*,19.00,29,2,40.86,3.26,5/90,ENG,T
J J Ferris,John Ferris,21/05/1867,1892-1892,1,1,16,0,16*,16.00,13,2,7.00,2.01,7/37,ENG,T
A Fielder,Arthur Fielder,19/07/1877,1904-1908,6,12,78,0,20*,11.14,26,1,27.35,2.86,6/82,ENG,T
S T Finn,Steven Finn,04/04/1989,2010-2016,36,47,279,0,56*,11.16,125,5,30.40,3.56,6/79,ENG,T
M D Fisher,Matthew Fisher,09/11/1997,2022-2022,1,1,0,0,0,0.00,1,0,71.00,2.63,1/67,ENG,T
L B Fishlock,Laurence Fishlock,02/01/1907,1936-1947,4,5,47,0,19,11.75,0,0,-,-,,ENG,T
J A Flavell,John Flavell,15/05/1929,1961-1964,4,6,31,0,14*,7.75,7,0,52.43,2.78,2/65,ENG,T
K W R Fletcher,Keith Fletcher,20/05/1944,1968-1982,59,96,3272,7,216*,39.90,2,0,96.50,4.06,1/6,ENG,T
A Flintoff,Andrew Flintoff,06/12/1977,1998-2009,78,128,3795,5,167*,31.89,219,3,33.35,2.97,5/58,ENG,T
W Flowers,Wilfred Flowers,07/12/1856,1884-1893,8,14,254,0,56*,18.14,14,1,21.14,2.07,5/46,ENG,T
B T Foakes*,Ben Foakes,15/02/1993,2018-,25,46,1139,2,113,29.21,0,0,-,-,,ENG,T
F G J Ford,Francis Ford,14/12/1866,1894-1895,5,9,168,0,48*,18.67,1,0,129.00,3.79,1/47,ENG,T
F R Foster,Frank Foster,31/01/1889,1911-1912,11,15,330,0,71*,23.57,45,4,20.58,2.27,6/91,ENG,T
J S Foster,James Foster,15/04/1980,2001-2002,7,12,226,0,48*,25.11,0,0,-,-,,ENG,T
N A Foster,Neil Foster,06/05/1962,1983-1993,29,45,446,0,39*,11.74,88,5,32.85,2.77,8/107,ENG,T
R E Foster,Reginald Foster,16/04/1878,1903-1907,8,14,602,1,287*,46.31,0,0,-,-,,ENG,T
A J Fothergill,Arnold Fothergill,26/08/1854,1889-1889,2,2,33,0,32*,16.50,8,0,11.25,1.68,4/19,ENG,T
G Fowler,Graeme Fowler,20/04/1957,1982-1985,21,37,1307,3,201*,35.32,0,0,-,3.67,0/0,ENG,T
A R C Fraser,Angus Fraser,08/08/1965,1989-1998,46,67,388,0,32*,7.46,177,13,27.32,2.67,8/53,ENG,T
A P Freeman,Alfred Freeman,17/05/1888,1924-1929,12,16,154,0,50,14.00,66,5,25.86,2.74,7/71,ENG,T
B N French,Bruce French,13/08/1959,1986-1988,16,21,308,0,59*,18.12,0,0,-,-,,ENG,T
C B Fry,Charles Fry,25/04/1872,1896-1912,26,41,1223,2,144*,32.18,0,0,-,1.80,0/3,ENG,T
J E R Gallian,Jason Gallian,25/06/1971,1995-1995,3,6,74,0,28*,12.33,0,0,-,4.43,0/6,ENG,T
M W Gatting,Mike Gatting,06/06/1957,1978-1995,79,138,4409,10,207*,35.56,4,0,79.25,2.53,1/14,ENG,T
L H Gay,Leslie Gay,24/03/1871,1894-1894,1,2,37,0,33*,18.50,0,0,-,-,,ENG,T
G Geary,George Geary,09/07/1893,1924-1934,14,20,249,0,66*,15.56,46,4,29.41,2.13,7/70,ENG,T
P A Gibb,Paul Gibb,11/07/1913,1938-1946,8,13,581,2,120*,44.69,0,0,-,-,,ENG,T
E S H Giddins,Edward Giddins,20/07/1971,1999-2000,4,7,10,0,7*,2.50,12,1,20.00,3.24,5/15,ENG,T
N Gifford,Norman Gifford,30/03/1940,1964-1973,15,20,179,0,25,16.27,33,1,31.09,2.00,5/55,ENG,T
A F Giles,Ashley Giles,19/03/1973,1998-2006,54,81,1421,0,59*,20.90,143,5,40.60,2.86,5/57,ENG,T
A E R Gilligan,Arthur Gilligan,29/06/1896,1922-1925,11,16,209,0,39,16.08,36,2,29.06,2.61,6/7,ENG,T
A H H Gilligan,Alfred Gilligan,29/06/1896,1930-1930,4,4,71,0,32*,17.75,0,0,-,-,,ENG,T
H Gimblett,Harold Gimblett,19/10/1914,1936-1939,3,5,129,0,67,32.25,0,0,-,-,,ENG,T
C Gladwin,Clifford Gladwin,03/04/1916,1947-1949,8,11,170,0,51,28.33,15,0,38.07,1.61,3/21,ENG,T
T W J Goddard,Thomas Goddard,01/10/1900,1930-1939,8,5,13,0,8*,6.50,22,1,26.73,2.26,6/29,ENG,T
G A Gooch,Graham Gooch,23/07/1953,1975-1995,118,215,8900,20,333*,42.58,23,0,46.48,2.42,3/39,ENG,T
D Gough,Darren Gough,18/09/1970,1994-2003,58,86,855,0,65*,12.57,229,9,28.40,3.30,6/42,ENG,T
A R Gover,Alfred Gover,29/02/1908,1936-1946,4,1,2,0,2,0.00,8,0,44.88,2.64,3/85,ENG,T
D I Gower,David Gower,01/04/1957,1978-1992,117,204,8231,18,215*,44.25,1,0,20.00,3.33,1/1,ENG,T
E M Grace,Edward Grace,28/11/1841,1880-1880,1,2,36,0,36*,18.00,0,0,-,-,,ENG,T
G F Grace,George Grace,13/12/1850,1880-1880,1,2,0,0,0*,0.00,0,0,-,-,,ENG,T
W G Grace,William Grace,18/07/1848,1880-1899,22,36,1098,2,170*,32.29,9,0,26.22,2.13,2/12,ENG,T
T W Graveney,Tom Graveney,16/06/1927,1951-1969,79,123,4882,11,258*,44.38,1,0,167.00,3.85,1/34,ENG,T
T Greenhough,Thomas Greenhough,09/11/1931,1959-1960,4,4,4,0,2*,1.33,16,1,22.31,1.90,5/35,ENG,T
A Greenwood,Andrew Greenwood,20/08/1847,1877-1877,2,4,77,0,49*,19.25,0,0,-,-,,ENG,T
A W Greig,Tony Greig,06/10/1946,1972-1977,58,93,3599,8,148*,40.44,141,6,32.21,2.78,8/86,ENG,T
I A Greig,Ian Greig,08/12/1955,1982-1982,2,4,26,0,14*,6.50,4,0,28.50,3.64,4/53,ENG,T
B A F Grieve,Basil Grieve,28/05/1864,1889-1889,2,3,40,0,14,40.00,0,0,-,-,,ENG,T
S C Griffith,Stewart Griffith,16/06/1914,1948-1949,3,5,157,1,140*,31.40,0,0,-,-,,ENG,T
G Gunn,George Gunn,13/06/1879,1907-1930,15,29,1120,2,122,40.00,0,0,-,4.00,0/8,ENG,T
J R Gunn,John Gunn,19/07/1876,1901-1905,6,10,85,0,24*,10.63,18,1,21.50,2.32,5/76,ENG,T
W Gunn,William Gunn,04/12/1858,1887-1899,11,20,392,1,102,21.78,0,0,-,-,,ENG,T
A Habib,Aftab Habib,07/02/1972,1999-1999,2,3,26,0,19*,8.67,0,0,-,-,,ENG,T
N E Haig,Nigel Haig,12/12/1887,1921-1930,5,9,126,0,47*,14.00,13,0,34.46,2.62,3/73,ENG,T
S Haigh,Schofield Haigh,19/03/1871,1899-1912,11,18,113,0,25*,7.53,24,1,25.92,2.88,6/11,ENG,T
A D Hales*,Alex Hales,03/01/1989,2015-2016,11,21,573,0,94*,27.29,0,0,-,0.67,0/2,ENG,T
C Hallows,Charles Hallows,04/04/1895,1921-1928,2,2,42,0,26*,42.00,0,0,-,-,,ENG,T
H Hameed,Haseeb Hameed,17/01/1997,2016-2022,10,19,439,0,82*,24.39,0,0,-,-,,ENG,T
G M Hamilton,Gavin Hamilton,16/09/1974,1999-1999,1,2,0,0,0*,0.00,0,0,-,4.20,0/63,ENG,T
W R Hammond,Wally Hammond,19/06/1903,1927-1947,85,140,7249,22,336,58.46,83,2,37.81,2.36,5/36,ENG,T
J H Hampshire,John Hampshire,10/02/1941,1969-1975,8,16,403,1,107*,26.87,0,0,-,-,,ENG,T
H T W Hardinge,Harold Hardinge,25/02/1886,1921-1921,1,2,30,0,25*,15.00,0,0,-,-,,ENG,T
J Hardstaff,Joseph Hardstaff,03/07/1911,1935-1948,23,38,1636,4,205,46.74,0,0,-,-,,ENG,T
J Hardstaff,Joseph Hardstaff,09/11/1882,1907-1908,5,10,311,0,72*,31.10,0,0,-,-,,ENG,T
S J Harmison,Steve Harmison,23/10/1978,2002-2009,62,84,742,0,49,12.16,222,8,31.94,3.23,7/12,ENG,T
L Harris,Lord Harris,03/02/1851,1879-1884,4,6,145,0,52*,29.00,0,0,-,5.44,0/14,ENG,T
J C Hartley,John Hartley,15/11/1874,1906-1906,2,4,15,0,9*,3.75,1,0,115.00,3.59,1/62,ENG,T
T W Hartley*,Tom Hartley,03/05/1999,2024-,5,10,185,0,36*,18.50,22,1,36.14,3.17,7/62,ENG,T
Lord Hawke,Lord Hawke,16/08/1860,1896-1899,5,8,55,0,30*,7.86,0,0,-,-,,ENG,T
E G Hayes,Ernest Hayes,06/11/1876,1906-1912,5,9,86,0,35*,10.75,1,0,52.00,3.47,1/28,ENG,T
F C Hayes,Frank Hayes,06/12/1946,1973-1976,9,17,244,1,106,15.25,0,0,-,-,,ENG,T
T W Hayward,Thomas Hayward,29/11/1871,1896-1909,35,60,1999,3,137*,34.47,14,0,36.71,3.48,4/22,ENG,T
D W Headley,Dean Headley,27/01/1970,1997-1999,15,26,186,0,31*,8.45,60,1,27.85,3.31,6/60,ENG,T
A Hearne,Alec Hearne,22/07/1863,1892-1892,1,1,9,0,9*,9.00,0,0,-,-,,ENG,T
F Hearne,Frank Hearne,23/11/1858,1889-1889,2,2,47,0,27*,23.50,0,0,-,-,,ENG,T
G G Hearne,George Hearne,07/07/1856,1892-1892,1,1,0,0,0*,0.00,0,0,-,-,,ENG,T
J T Hearne,John Hearne,03/05/1867,1892-1899,12,18,126,0,40*,9.00,49,4,22.08,2.18,6/41,ENG,T
J W Hearne,John Hearne,11/02/1891,1911-1926,24,36,806,1,114*,26.00,30,1,48.73,3.00,5/49,ENG,T
W K Hegg,Warren Hegg,23/02/1968,1998-1999,2,4,30,0,15*,7.50,0,0,-,-,,ENG,T
E E Hemmings,Edward Hemmings,20/02/1949,1982-1991,16,21,383,0,95*,22.53,43,1,42.44,2.47,6/58,ENG,T
E H Hendren,Patsy Hendren,05/02/1889,1920-1935,51,83,3525,7,205,47.64,1,0,31.00,3.96,1/27,ENG,T
M Hendrick,Mike Hendrick,22/10/1948,1974-1981,30,35,128,0,15*,6.40,87,0,25.84,2.17,4/28,ENG,T
C Heseltine,Christopher Heseltine,26/11/1869,1896-1896,2,2,18,0,18*,9.00,5,1,16.80,3.21,5/38,ENG,T
G A Hick,Graeme Hick,23/05/1966,1991-2001,65,114,3383,6,178*,31.32,23,0,56.78,2.56,4/126,ENG,T
K Higgs,Ken Higgs,14/01/1937,1965-1968,15,19,185,0,63*,11.56,71,2,20.75,2.15,6/91,ENG,T
A Hill,Allen Hill,14/11/1843,1877-1877,2,4,101,0,49*,50.50,7,0,18.57,2.29,4/27,ENG,T
A J L Hill,Arthur Hill,26/07/1871,1896-1896,3,4,251,1,124*,62.75,4,0,2.00,1.20,4/8,ENG,T
M J Hilton,Malcolm Hilton,02/08/1928,1950-1952,4,6,37,0,15*,7.40,14,1,34.07,2.30,5/61,ENG,T
G H Hirst,George Hirst,07/09/1871,1897-1909,24,38,790,0,85*,22.57,59,3,30.00,2.66,5/48,ENG,T
J W Hitch,John Hitch,07/05/1886,1911-1921,7,10,103,0,51,14.71,7,0,46.43,4.22,2/31,ENG,T
J B Hobbs,Jack Hobbs,16/12/1882,1908-1930,61,102,5410,15,211*,56.95,1,0,165.00,2.63,1/19,ENG,T
R N S Hobbs,Robin Hobbs,08/05/1942,1967-1971,7,8,34,0,15,6.80,12,0,40.08,2.24,3/25,ENG,T
M J Hoggard,Matthew Hoggard,31/12/1976,2000-2008,67,92,473,0,38*,7.28,248,7,30.50,3.26,7/61,ENG,T
W E Hollies,Eric Hollies,05/06/1912,1935-1950,13,15,37,0,18,5.29,44,5,30.27,2.25,7/50,ENG,T
A J Hollioake,Adam Hollioake,05/09/1971,1997-1998,4,6,65,0,45*,10.83,2,0,33.50,2.79,2/31,ENG,T
B C Hollioake,Ben Hollioake,11/11/1977,1997-1998,2,4,44,0,28*,11.00,4,0,49.75,4.74,2/105,ENG,T
E R T Holmes,Errol Holmes,21/08/1905,1935-1935,5,9,114,0,85,16.29,2,0,38.00,4.22,1/10,ENG,T
P Holmes,Percy Holmes,25/11/1886,1921-1932,7,14,357,0,88*,27.46,0,0,-,-,,ENG,T
L Hone,Leland Hone,30/01/1853,1879-1879,1,2,13,0,7*,6.50,0,0,-,-,,ENG,T
J L Hopwood,John Hopwood,30/10/1903,1934-1934,2,3,12,0,8*,6.00,0,0,-,2.01,0/16,ENG,T
A N Hornby,Albert Hornby,10/02/1847,1879-1884,3,6,21,0,9*,3.50,1,0,-,0.00,1/0,ENG,T
M J Horton,Martin Horton,21/04/1934,1959-1959,2,2,60,0,58*,30.00,2,0,29.50,1.49,2/24,ENG,T
N D Howard,Nigel Howard,18/05/1925,1951-1952,4,6,86,0,23*,17.20,0,0,-,-,,ENG,T
H Howell,Henry Howell,29/11/1890,1920-1924,5,8,15,0,5*,7.50,7,0,79.86,3.65,4/115,ENG,T
R Howorth,Richard Howorth,26/04/1909,1947-1948,5,10,145,0,45,18.13,19,1,33.42,2.48,6/124,ENG,T
J O Hull*,Joshua Hull,20/08/2004,2024-,1,2,9,0,7,9.00,3,0,30.33,5.35,3/53,ENG,T
J Humphries,Joseph Humphries,19/05/1876,1908-1908,3,6,44,0,16*,8.80,0,0,-,-,,ENG,T
J Hunter,Joseph Hunter,03/08/1855,1884-1885,5,7,93,0,39,18.60,0,0,-,-,,ENG,T
N Hussain,Nasser Hussain,28/03/1968,1990-2004,96,171,5764,14,207*,37.19,0,0,-,3.00,0/15,ENG,T
K L Hutchings,Kenneth Hutchings,07/12/1882,1907-1909,7,12,341,1,126*,28.42,1,0,81.00,5.40,1/5,ENG,T
L Hutton,Leonard Hutton,23/06/1916,1937-1955,79,138,6971,19,364*,56.67,3,0,77.33,5.35,1/2,ENG,T
R A Hutton,Richard Hutton,06/09/1942,1971-1971,5,8,219,0,81*,36.50,9,0,28.56,2.09,3/72,ENG,T
J Iddon,Jack Iddon,08/01/1902,1935-1935,5,7,170,0,73*,28.33,0,0,-,2.45,0/3,ENG,T
A P Igglesden,Alan Igglesden,08/10/1964,1989-1994,3,5,6,0,3,3.00,6,0,54.83,3.56,2/91,ENG,T
J T Ikin,John Ikin,07/03/1918,1946-1955,18,31,606,0,60*,20.90,3,0,118.00,3.71,1/38,ENG,T
R Illingworth,Ray Illingworth,08/06/1932,1958-1973,61,90,1836,2,113*,23.24,122,3,31.20,1.94,6/29,ENG,T
R K Illingworth,Richard Illingworth,23/08/1963,1991-1995,9,14,128,0,28*,18.29,19,0,32.37,2.48,4/96,ENG,T
M C Ilott,Mark Ilott,27/08/1970,1993-1995,5,6,28,0,15*,7.00,12,0,45.17,3.12,3/48,ENG,T
D J Insole,Douglas Insole,18/04/1926,1950-1957,9,17,408,1,110,27.20,0,0,-,-,,ENG,T
R C Irani,Ronald Irani,26/10/1971,1996-1999,3,5,86,0,41*,17.20,3,0,37.33,3.50,1/22,ENG,T
R D Jackman,Robin Jackman,13/08/1945,1981-1982,4,6,42,0,17*,7.00,14,0,31.79,2.50,4/110,ENG,T
W G Jacks*,Will Jacks,21/11/1998,2022-,2,4,89,0,31*,22.25,6,1,38.67,4.26,6/161,ENG,T
F S Jackson,Stanley Jackson,21/11/1870,1893-1905,20,33,1415,5,144,48.79,24,1,33.29,3.02,5/52,ENG,T
H L Jackson,Les Jackson,05/04/1921,1949-1961,2,2,15,0,8*,15.00,7,0,22.14,1.87,2/26,ENG,T
S P James,Stephen James,07/09/1967,1998-1998,2,4,71,0,36*,17.75,0,0,-,-,,ENG,T
J A Jameson,John Jameson,30/06/1941,1971-1974,4,8,214,0,82*,26.75,1,0,17.00,2.43,1/17,ENG,T
D R Jardine,Douglas Jardine,23/10/1900,1928-1934,22,33,1296,1,127*,48.00,0,0,-,10.00,0/10,ENG,T
P W Jarvis,Paul Jarvis,29/06/1965,1988-1993,9,15,132,0,29,10.15,21,0,45.95,3.03,4/107,ENG,T
R O Jenkins,Roland Jenkins,24/11/1918,1948-1952,9,12,198,0,39*,18.00,32,1,34.31,3.11,5/116,ENG,T
K K Jennings,Keaton Jennings,19/06/1992,2016-2019,17,32,781,2,146,25.19,0,0,-,4.52,0/2,ENG,T
G L Jessop,Gilbert Jessop,19/05/1874,1899-1912,18,26,569,1,104*,21.88,10,0,35.40,2.90,4/68,ENG,T
R L Johnson,Richard Johnson,29/12/1974,2003-2003,3,4,59,0,26*,14.75,16,2,17.19,3.02,6/33,ENG,T
A O Jones,Arthur Jones,16/08/1872,1899-1909,12,21,291,0,34*,13.86,3,0,44.33,3.50,3/73,ENG,T
G O Jones,Geraint Jones,14/07/1976,2004-2006,34,53,1172,1,100*,23.92,0,0,-,-,,ENG,T
I J Jones,Jeff Jones,10/12/1941,1964-1968,15,17,38,0,16*,4.75,44,1,40.20,2.99,6/118,ENG,T
S P Jones,Simon Jones,25/12/1978,2002-2005,18,18,205,0,44*,15.77,59,3,28.24,3.54,6/53,ENG,T
C J Jordan*,Chris Jordan,04/10/1988,2014-2015,8,11,180,0,35*,18.00,21,0,35.81,2.95,4/18,ENG,T
H Jupp,Henry Jupp,19/11/1841,1877-1877,2,4,68,0,63*,17.00,0,0,-,-,,ENG,T
V W C Jupp,Vallance Jupp,27/03/1891,1921-1928,8,13,208,0,38*,17.33,28,0,22.00,2.84,4/37,ENG,T
Kabir Ali,Kabir Ali,24/11/1980,2003-2003,1,2,10,0,9*,5.00,5,0,27.20,3.78,3/80,ENG,T
W W Keeton,William Keeton,30/04/1905,1934-1939,2,4,57,0,25*,14.25,0,0,-,-,,ENG,T
A S Kennedy,Alexander Kennedy,24/01/1891,1922-1923,5,8,93,0,41,15.50,31,2,19.32,2.14,5/76,ENG,T
D Kenyon,Donald Kenyon,15/05/1924,1951-1955,8,15,192,0,87*,12.80,0,0,-,-,,ENG,T
S C Kerrigan,Simon Kerrigan,10/05/1989,2013-2013,1,1,1,0,1,0.00,0,0,-,6.63,0/53,ENG,T
R W T Key,Robert Key,12/05/1979,2002-2005,15,26,775,1,221*,31.00,0,0,-,-,,ENG,T
A Khan,Amjad Khan,14/10/1980,2009-2009,1,0,0,0,0*,0.00,1,0,122.00,4.21,1/111,ENG,T
E T Killick,Edgar Killick,09/05/1907,1929-1929,2,4,81,0,31*,20.25,0,0,-,-,,ENG,T
R Kilner,Roy Kilner,17/10/1890,1924-1926,9,8,233,0,74*,33.29,24,0,30.58,1.86,4/51,ENG,T
J H King,John King,16/04/1871,1909-1909,1,2,64,0,60*,32.00,1,0,99.00,3.67,1/99,ENG,T
S Kinneir,Septimus Kinneir,13/05/1871,1911-1911,1,2,52,0,30*,26.00,0,0,-,-,,ENG,T
R J Kirtley,Robert Kirtley,10/11/1975,2003-2003,4,7,32,0,12*,5.33,19,1,29.53,3.12,6/34,ENG,T
A E Knight,Albert Knight,08/10/1872,1904-1904,3,6,81,0,70,16.20,0,0,-,-,,ENG,T
B R Knight,Barry Knight,18/02/1938,1961-1969,29,38,812,2,127*,26.19,70,0,31.76,2.48,4/38,ENG,T
D J Knight,Donald Knight,12/05/1894,1921-1921,2,4,54,0,38*,13.50,0,0,-,-,,ENG,T
N V Knight,Nicholas Knight,28/11/1969,1995-2001,17,30,719,1,113*,23.97,0,0,-,-,,ENG,T
A P E Knott,Alan Knott,09/04/1946,1967-1981,95,149,4389,5,135*,32.75,0,0,-,-,,ENG,T
N A Knox,Neville Knox,10/10/1884,1907-1907,2,4,24,0,8,8.00,3,0,35.00,5.00,2/39,ENG,T
J C Laker,Jim Laker,09/02/1922,1948-1959,46,63,676,0,63*,14.08,193,9,21.25,2.05,10/53,ENG,T
A J Lamb,Allan Lamb,20/06/1954,1982-1992,79,139,4656,14,142*,36.09,1,0,23.00,4.60,1/6,ENG,T
J Langridge,James Langridge,10/07/1906,1933-1946,8,9,242,0,70*,26.89,19,2,21.74,2.31,7/56,ENG,T
W Larkins,Wayne Larkins,22/11/1953,1980-1991,13,25,493,0,64*,20.54,0,0,-,-,,ENG,T
J D F Larter,John Larter,24/04/1940,1962-1965,10,7,16,0,10*,3.20,37,2,25.43,2.60,5/57,ENG,T
H Larwood,Harold Larwood,14/11/1904,1926-1933,21,28,485,0,98*,19.40,78,4,28.36,2.67,6/32,ENG,T
M N Lathwell,Mark Lathwell,26/12/1971,1993-1993,2,4,78,0,33*,19.50,0,0,-,-,,ENG,T
D V Lawrence,David Lawrence,28/01/1964,1988-1992,5,6,60,0,34*,10.00,18,1,37.56,3.72,5/106,ENG,T
D W Lawrence*,Dan Lawrence,12/07/1997,2021-,14,27,671,0,91*,26.84,3,0,44.33,3.09,1/0,ENG,T
M J Leach*,Jack Leach,22/06/1991,2018-,39,59,498,0,92*,13.46,142,5,34.07,3.09,5/66,ENG,T
E Leadbeater,Edward Leadbeater,15/08/1927,1951-1951,2,2,40,0,38*,20.00,2,0,109.00,4.53,1/38,ENG,T
H W Lee,Harry Lee,26/10/1890,1931-1931,1,2,19,0,18*,9.50,0,0,-,-,,ENG,T
A Z Lees*,Alex Lees,14/04/1993,2022-,10,19,453,0,67*,23.84,0,0,-,-,,ENG,T
W S Lees,Walter Lees,25/12/1875,1906-1906,5,9,66,0,25,11.00,26,2,17.96,2.23,6/78,ENG,T
G B Legge,Geoffrey Legge,26/01/1903,1927-1930,5,7,299,1,196*,49.83,0,0,-,6.80,0/34,ENG,T
C F H Leslie,Charles Leslie,08/12/1861,1882-1883,4,7,106,0,54*,15.14,4,0,11.00,2.75,3/31,ENG,T
J K Lever,John Lever,24/02/1949,1976-1986,21,31,306,0,53*,11.77,73,3,26.73,2.64,7/46,ENG,T
P Lever,Peter Lever,17/09/1940,1970-1975,17,18,350,0,88,21.88,41,2,36.80,2.54,6/38,ENG,T
H D G Leveson Gower,Henry Leveson Gower,08/05/1873,1910-1910,3,6,95,0,31*,23.75,0,0,-,-,,ENG,T
W H V Levett,William Levett,25/01/1908,1934-1934,1,2,7,0,5*,7.00,0,0,-,-,,ENG,T
A R Lewis,Tony Lewis,06/07/1938,1972-1973,9,16,457,1,125*,32.64,0,0,-,-,,ENG,T
C C Lewis,Chris Lewis,14/02/1968,1990-1996,32,51,1105,1,117*,23.02,93,3,37.53,3.06,6/111,ENG,T
J Lewis,Johnathan Lewis,26/08/1975,2006-2006,1,2,27,0,20*,13.50,3,0,40.67,2.98,3/68,ENG,T
M Leyland,Maurice Leyland,20/07/1900,1928-1938,41,65,2764,9,187*,46.07,6,0,97.50,3.18,3/91,ENG,T
A F A Lilley,Arthur Lilley,28/11/1866,1896-1909,35,52,903,0,84*,20.52,1,0,23.00,5.52,1/23,ENG,T
J Lillywhite,James Lillywhite,23/02/1842,1877-1877,2,3,16,0,10*,8.00,8,0,15.75,2.22,4/70,ENG,T
L S Livingstone*,Liam Livingstone,04/08/1993,2022-,1,2,16,0,9*,16.00,0,0,-,-,,ENG,T
D Lloyd,David Lloyd,18/03/1947,1974-1975,9,15,552,1,214,42.46,0,0,-,4.25,0/4,ENG,T
T A Lloyd,Timothy Lloyd,05/11/1956,1984-1984,1,1,10,0,10,0.00,0,0,-,-,,ENG,T
P J Loader,Peter Loader,25/10/1929,1954-1958,13,19,76,0,17*,5.85,39,1,22.51,1.98,6/36,ENG,T
G A R Lock,Tony Lock,05/07/1929,1952-1968,49,63,742,0,89*,13.74,174,9,25.58,2.03,7/35,ENG,T
W H Lockwood,William Lockwood,25/03/1868,1893-1902,12,16,231,0,52,17.77,43,5,20.56,2.69,7/71,ENG,T
G A Lohmann,George Lohmann,02/06/1865,1886-1896,18,26,213,0,62,8.88,112,9,10.76,1.89,9/28,ENG,T
F A Lowson,Frank Lowson,01/07/1925,1951-1955,7,13,245,0,68*,18.85,0,0,-,-,,ENG,T
A P Lucas,Alfred Lucas,20/02/1857,1879-1884,5,9,157,0,55*,19.63,0,0,-,2.70,0/23,ENG,T
B W Luckhurst,Brian Luckhurst,05/02/1939,1970-1974,21,41,1298,4,131*,36.06,1,0,32.00,3.37,1/9,ENG,T
A Lyth,Adam Lyth,25/09/1987,2015-2015,7,13,265,1,107*,20.38,0,0,-,0.00,0/0,ENG,T
A Lyttelton,Alfred Lyttelton,07/02/1857,1880-1884,4,7,94,0,31*,15.67,4,0,4.75,2.38,4/19,ENG,T
G G Macaulay,George Macaulay,07/12/1897,1923-1933,8,10,112,0,76*,18.67,24,1,27.58,2.34,5/64,ENG,T
J C W MacBryan,John MacBryan,22/07/1892,1924-1924,1,0,0,0,0*,0.00,0,0,-,-,,ENG,T
G MacGregor,Gregor MacGregor,31/08/1869,1890-1893,8,11,96,0,31*,12.00,0,0,-,-,,ENG,T
F A MacKinnon,Francis MacKinnon,09/04/1848,1879-1879,1,2,5,0,5*,2.50,0,0,-,-,,ENG,T
A C MacLaren,Archibald MacLaren,01/12/1871,1894-1909,35,61,1931,5,140*,33.88,0,0,-,-,,ENG,T
D L Maddy,Darren Maddy,23/05/1974,1999-2000,3,4,46,0,24*,11.50,0,0,-,2.86,0/40,ENG,T
S Mahmood*,Saqib Mahmood,25/02/1997,2022-2022,2,2,52,0,49*,52.00,6,0,22.83,2.25,2/21,ENG,T
S I Mahmood,Sajid Mahmood,21/12/1981,2006-2007,8,11,81,0,34*,8.10,20,0,38.10,4.05,4/22,ENG,T
J W H Makepeace,Joseph Makepeace,22/08/1881,1920-1921,4,8,279,1,117*,34.88,0,0,-,-,,ENG,T
D J Malan*,Dawid Malan,03/09/1987,2017-2022,22,39,1074,1,140*,27.54,2,0,65.50,3.54,2/33,ENG,T
D E Malcolm,Devon Malcolm,22/02/1963,1989-1997,40,58,236,0,29*,6.05,128,5,37.09,3.36,9/57,ENG,T
N A Mallender,Neil Mallender,13/08/1961,1992-1992,2,3,8,0,4*,2.67,10,1,21.50,2.87,5/50,ENG,T
F G Mann,Francis Mann,06/09/1917,1948-1949,7,12,376,1,136,37.60,0,0,-,-,,ENG,T
F T Mann,Francis Mann,03/03/1888,1922-1923,5,9,281,0,84*,35.13,0,0,-,-,,ENG,T
V J Marks,Victor Marks,25/06/1955,1982-1984,6,10,249,0,83*,27.67,11,0,44.00,2.68,3/78,ENG,T
C S Marriott,Charles Marriott,14/09/1895,1933-1933,1,1,0,0,0*,0.00,11,2,8.73,2.33,6/59,ENG,T
F Martin,Frederick Martin,12/10/1861,1890-1892,2,2,14,0,13*,7.00,14,2,10.07,2.06,6/50,ENG,T
J W Martin,John Martin,16/02/1917,1947-1947,1,2,26,0,26*,13.00,1,0,129.00,2.87,1/111,ENG,T
P J Martin,Peter Martin,15/11/1968,1995-1997,8,13,115,0,29*,8.85,17,0,34.12,2.40,4/60,ENG,T
J R Mason,John Mason,26/03/1874,1897-1898,5,10,129,0,32*,12.90,2,0,74.50,2.76,1/8,ENG,T
A D G Matthews,Austin Matthews,03/05/1904,1937-1937,1,1,2,0,2,0.00,2,0,32.50,2.17,1/13,ENG,T
P B H May,Peter May,31/12/1929,1951-1961,66,106,4537,13,285,46.77,0,0,-,-,,ENG,T
M P Maynard,Matthew Maynard,21/03/1966,1988-1994,4,8,87,0,35*,10.88,0,0,-,-,,ENG,T
M J McCague,Martin McCague,24/04/1969,1993-1994,3,5,21,0,11*,4.20,6,0,65.00,3.95,4/121,ENG,T
J E McConnon,James McConnon,21/06/1922,1954-1954,2,3,18,0,11*,9.00,4,0,18.50,2.06,3/19,ENG,T
C P McGahey,Charles McGahey,12/02/1871,1902-1902,2,4,38,0,18*,9.50,0,0,-,-,,ENG,T
A McGrath,Anthony McGrath,06/10/1975,2003-2003,4,5,201,0,81*,40.20,4,0,14.00,3.29,3/16,ENG,T
A J W McIntyre,Arthur McIntyre,14/05/1918,1950-1955,3,6,19,0,7*,3.17,0,0,-,-,,ENG,T
J E P McMaster,Joseph McMaster,16/03/1861,1889-1889,1,1,0,0,0*,0.00,0,0,-,-,,ENG,T
C P Mead,Charles Mead,09/03/1887,1911-1928,17,26,1185,4,182,49.38,0,0,-,-,,ENG,T
W Mead,Walter Mead,25/03/1868,1899-1899,1,2,7,0,7*,3.50,1,0,91.00,2.06,1/91,ENG,T
W E Midwinter,William Midwinter,19/06/1851,1881-1882,4,7,95,0,36*,13.57,10,0,27.20,2.10,4/81,ENG,T
C Milburn,Colin Milburn,23/10/1941,1966-1969,9,16,654,2,139*,46.71,0,0,-,-,,ENG,T
A M Miller,Audley Miller,19/10/1869,1896-1896,1,2,24,0,20,0.00,0,0,-,-,,ENG,T
G Miller,Geoff Miller,08/09/1952,1976-1984,34,51,1213,0,98,25.81,60,1,30.98,2.17,5/44,ENG,T
F W Milligan,Frank Milligan,19/03/1870,1899-1899,2,4,58,0,38*,14.50,0,0,-,3.87,0/0,ENG,T
G Millman,Geoffrey Millman,02/10/1934,1961-1962,6,7,60,0,32,12.00,0,0,-,-,,ENG,T
C A Milton,Arthur Milton,10/03/1928,1958-1959,6,9,204,1,104,25.50,0,0,-,3.00,0/12,ENG,T
A Mitchell,Arthur Mitchell,13/09/1902,1933-1936,6,10,298,0,72*,29.80,0,0,-,4.00,0/4,ENG,T
F Mitchell,Frank Mitchell,13/08/1872,1899-1899,2,4,88,0,41*,22.00,0,0,-,-,,ENG,T
T B Mitchell,Thomas Mitchell,04/09/1902,1933-1935,5,6,20,0,9*,5.00,8,0,62.25,3.34,2/49,ENG,T
N S Mitchell-Innes,Norman Mitchell-Innes,07/09/1914,1935-1935,1,1,5,0,5*,5.00,0,0,-,-,,ENG,T
Moeen Ali*,Moeen Ali,18/06/1987,2014-,68,118,3094,5,155,28.13,204,5,37.31,3.62,6/53,ENG,T
A W Mold,Arthur Mold,27/05/1863,1893-1893,3,3,0,0,0,0.00,7,0,33.43,2.86,3/44,ENG,T
L J Moon,Leonard Moon,09/02/1878,1906-1906,4,8,182,0,36*,22.75,0,0,-,-,,ENG,T
E J G Morgan,Eoin Morgan,10/09/1986,2010-2012,16,24,700,2,130*,30.43,0,0,-,-,,ENG,T
F Morley,Frederick Morley,16/12/1850,1880-1883,4,6,6,0,2,1.50,16,1,18.50,1.83,5/56,ENG,T
H Morris,Hugh Morris,05/10/1963,1991-1991,3,6,115,0,44*,19.17,0,0,-,-,,ENG,T
J E Morris,John Morris,01/04/1964,1990-1990,3,5,71,0,32*,23.67,0,0,-,-,,ENG,T
J B Mortimore,John Mortimore,14/05/1933,1959-1964,9,12,243,0,73,24.30,13,0,56.38,2.03,3/36,ENG,T
A E Moss,Alan Moss,14/11/1930,1954-1960,9,7,61,0,26*,10.17,21,0,29.81,2.27,4/35,ENG,T
M D Moxon,Martyn Moxon,04/05/1960,1986-1989,10,17,455,0,99*,28.44,0,0,-,3.75,0/3,ENG,T
A D Mullally,Alan Mullally,12/07/1969,1996-2001,19,27,127,0,24*,5.52,58,1,31.24,2.40,5/105,ENG,T
T A Munton,Timothy Munton,30/07/1965,1992-1992,2,2,25,0,25,25.00,4,0,50.00,2.96,2/22,ENG,T
W L Murdoch,William Murdoch,18/10/1854,1892-1892,1,1,12,0,12*,12.00,0,0,-,-,,ENG,T
J T Murray,John Murray,01/04/1935,1961-1967,21,28,506,1,112*,22.00,0,0,-,-,,ENG,T
Nawab of Pataudi Sr,Nawab of Pataudi Sr,16/03/1910,1932-1934,3,5,144,1,102*,28.80,0,0,-,-,,ENG,T
W Newham,William Newham,12/12/1860,1888-1888,1,2,26,0,17*,13.00,0,0,-,-,,ENG,T
P J Newport,Philip Newport,11/10/1962,1988-1991,3,5,110,0,40,27.50,10,0,41.70,3.74,4/87,ENG,T
M S Nichols,Morris Nichols,06/10/1900,1930-1939,14,19,355,0,78,29.58,41,2,28.10,2.69,6/35,ENG,T
A S M Oakman,Alan Oakman,20/04/1930,1956-1956,2,2,14,0,10*,7.00,0,0,-,2.63,0/21,ENG,T
T C O'Brien,Tim O'Brien,05/11/1861,1884-1896,5,8,59,0,20*,7.38,0,0,-,-,,ENG,T
J O'Connor,Jack O'Connor,06/11/1897,1929-1930,4,7,153,0,51*,21.86,1,0,72.00,2.67,1/31,ENG,T
C M Old,Chris Old,22/12/1948,1972-1981,46,66,845,0,65*,14.82,143,4,28.11,2.72,7/50,ENG,T
N Oldfield,Norman Oldfield,05/05/1911,1939-1939,1,2,99,0,80*,49.50,0,0,-,-,,ENG,T
G Onions,Graham Onions,09/09/1982,2009-2012,9,10,30,0,17,10.00,32,1,29.91,3.58,5/38,ENG,T
J Ormond,James Ormond,20/08/1977,2001-2001,2,4,38,0,18*,12.67,2,0,92.50,2.98,1/70,ENG,T
C Overton*,Craig Overton,10/04/1994,2017-2022,8,14,182,0,41,15.17,21,0,36.19,3.10,3/14,ENG,T
J Overton*,Jamie Overton,10/04/1994,2022-,1,1,97,0,97*,97.00,2,0,73.00,3.95,1/61,ENG,T
D E V Padgett,Doug Padgett,20/07/1934,1960-1960,2,4,51,0,31*,12.75,0,0,-,4.00,0/8,ENG,T
G A E Paine,George Paine,11/06/1908,1935-1935,4,7,97,0,49*,16.17,17,1,27.47,2.68,5/168,ENG,T
L C H Palairet,Lionel Palairet,27/05/1870,1902-1902,2,4,49,0,20*,12.25,0,0,-,-,,ENG,T
C H Palmer,Charles Palmer,15/05/1919,1954-1954,1,2,22,0,22*,11.00,0,0,-,3.00,0/15,ENG,T
K E Palmer,Ken Palmer,22/04/1937,1965-1965,1,1,10,0,10*,10.00,1,0,189.00,3.00,1/113,ENG,T
M S Panesar,Monty Panesar,25/04/1982,2006-2013,50,68,220,0,26*,4.89,167,12,34.71,2.79,6/37,ENG,T
P H Parfitt,Peter Parfitt,08/12/1936,1961-1972,37,52,1882,7,131,40.91,12,0,47.83,2.61,2/5,ENG,T
C W L Parker,Charles Parker,14/10/1882,1921-1921,1,1,3,0,3,0.00,2,0,16.00,1.14,2/32,ENG,T
P W G Parker,Paul Parker,15/01/1956,1981-1981,1,2,13,0,13*,6.50,0,0,-,-,,ENG,T
W G A Parkhouse,Gilbert Parkhouse,12/10/1925,1950-1959,7,13,373,0,78*,28.69,0,0,-,-,,ENG,T
C H Parkin,Cecil Parkin,18/02/1886,1920-1924,10,16,160,0,36*,12.31,32,2,35.25,3.23,5/38,ENG,T
M W Parkinson*,Matt Parkinson,24/10/1996,2022-,1,1,8,0,8*,8.00,1,0,47.00,3.03,1/47,ENG,T
J H Parks,James Parks,12/05/1903,1937-1937,1,2,29,0,22*,14.50,3,0,12.00,1.71,2/26,ENG,T
J M Parks,Jim Parks,21/10/1931,1954-1968,46,68,1962,2,108,32.16,1,0,51.00,5.67,1/43,ENG,T
M M Patel,Minal Patel,07/07/1970,1996-1996,2,2,45,0,27*,22.50,1,0,180.00,3.91,1/101,ENG,T
S R Patel,Samit Patel,30/11/1984,2012-2015,6,9,151,0,42*,16.78,7,0,60.14,2.94,2/27,ENG,T
D J Pattinson,Darren Pattinson,02/08/1978,2008-2008,1,2,21,0,13*,10.50,2,0,48.00,3.18,2/95,ENG,T
E Paynter,Edward Paynter,05/11/1901,1931-1939,20,31,1540,4,243*,59.23,0,0,-,-,,ENG,T
E Peate,Ted Peate,02/03/1855,1881-1886,9,14,70,0,13*,11.67,31,2,22.00,1.95,6/85,ENG,T
I A R Peebles,Ian Peebles,20/01/1908,1927-1931,13,17,98,0,26*,10.89,45,3,30.91,2.90,6/63,ENG,T
R Peel,Robert Peel,12/02/1857,1884-1896,20,33,427,0,83*,14.72,101,5,16.98,1.97,7/31,ENG,T
F Penn,Frank Penn,07/03/1851,1880-1880,1,2,50,0,27,50.00,0,0,-,1.00,0/2,ENG,T
R T D Perks,Reginald Perks,04/10/1911,1939-1939,2,2,3,0,2,0.00,11,2,32.27,2.57,5/100,ENG,T
H Philipson,Hylton Philipson,08/06/1866,1892-1895,5,8,63,0,30*,9.00,0,0,-,-,,ENG,T
K P Pietersen,Kevin Pietersen,27/06/1980,2005-2014,104,181,8181,23,227*,47.29,10,0,88.60,4.05,3/52,ENG,T
A C S Pigott,Anthony Pigott,04/06/1958,1984-1984,1,2,12,0,8,12.00,2,0,37.50,4.41,2/75,ENG,T
R Pilling,Richard Pilling,05/07/1855,1881-1888,8,13,91,0,23*,7.58,0,0,-,-,,ENG,T
W Place,Winston Place,07/12/1914,1948-1948,3,6,144,1,107*,28.80,0,0,-,-,,ENG,T
L E Plunkett,Liam Plunkett,06/04/1985,2005-2014,13,20,238,0,55,15.87,41,1,37.46,3.47,5/64,ENG,T
P I Pocock,Patrick Pocock,24/09/1946,1968-1985,25,37,206,0,33*,6.24,67,3,44.42,2.69,6/79,ENG,T
R Pollard,Richard Pollard,19/06/1912,1946-1948,4,3,13,0,10,13.00,15,1,25.20,2.06,5/24,ENG,T
C J Poole,Cyril Poole,13/03/1921,1951-1952,3,5,161,0,69,40.25,0,0,-,1.80,0/9,ENG,T
G H Pope,George Pope,27/01/1911,1947-1947,1,1,8,0,8,0.00,1,0,85.00,2.34,1/49,ENG,T
O J D Pope*,Ollie Pope,02/01/1998,2018-,56,98,3301,8,205*,35.49,0,0,-,-,,ENG,T
M J Potts*,Matthew Potts,29/10/1998,2022-,10,13,86,0,21*,8.60,36,0,29.44,3.12,4/13,ENG,T
A D Pougher,Arthur Pougher,19/04/1865,1892-1892,1,1,17,0,17*,17.00,3,0,8.67,1.49,3/26,ENG,T
J S E Price,John Price,22/07/1937,1964-1972,15,15,66,0,32*,7.33,40,1,35.03,3.09,5/73,ENG,T
W F F Price,Wilfred Price,25/04/1902,1938-1938,1,2,6,0,6*,3.00,0,0,-,-,,ENG,T
R M Prideaux,Roger Prideaux,13/07/1939,1968-1969,3,6,102,0,64*,20.40,0,0,-,0.00,0/0,ENG,T
D R Pringle,Derek Pringle,18/09/1958,1982-1992,30,50,695,0,63*,15.11,70,3,35.97,2.86,5/95,ENG,T
M J Prior,Matthew Prior,26/02/1982,2007-2014,79,123,4099,7,131,40.19,0,0,-,-,,ENG,T
G Pullar,Geoffrey Pullar,01/08/1935,1959-1963,28,49,1974,4,175*,43.87,1,0,37.00,3.36,1/1,ENG,T
W G Quaife,William Quaife,17/03/1872,1899-1902,7,13,228,0,68*,19.00,0,0,-,2.40,0/6,ENG,T
N V Radford,Neal Radford,07/06/1957,1986-1988,3,4,21,0,12,7.00,4,0,87.75,3.11,2/131,ENG,T
C T Radley,Clive Radley,13/05/1944,1978-1978,8,10,481,2,158*,48.10,0,0,-,-,,ENG,T
M R Ramprakash,Mark Ramprakash,05/09/1969,1991-2002,52,92,2350,2,154*,27.33,4,0,119.25,3.20,1/2,ENG,T
D W Randall,Derek Randall,24/02/1951,1977-1984,47,79,2470,7,174*,33.38,0,0,-,1.13,0/1,ENG,T
K S Ranjitsinhji,Kumar Ranjitsinhji,10/10/1872,1896-1902,15,26,989,2,175*,44.95,1,0,39.00,2.41,1/23,ENG,T
W B Rankin,Boyd Rankin,05/07/1984,2014-2014,1,2,13,0,13*,6.50,1,0,81.00,3.89,1/47,ENG,T
A U Rashid*,Adil Rashid,17/02/1988,2015-2019,19,33,540,0,61*,19.29,60,2,39.83,3.76,5/49,ENG,T
C M W Read,Chris Read,10/08/1978,1999-2007,15,23,360,0,55*,18.95,0,0,-,-,,ENG,T
H D Read,Holcombe Read,28/01/1910,1935-1935,1,0,0,0,0*,0.00,6,0,33.33,4.44,4/136,ENG,T
J M Read,John Read,09/02/1859,1882-1893,17,29,461,0,57*,17.07,0,0,-,-,,ENG,T
W W Read,Walter Read,23/11/1855,1882-1893,18,27,720,1,117*,27.69,0,0,-,6.30,0/27,ENG,T
D A Reeve,Dermot Reeve,02/04/1963,1992-1992,3,5,124,0,59*,24.80,2,0,30.00,2.42,1/4,ENG,T
Rehan Ahmed*,Rehan Ahmed,13/08/2004,2022-,5,10,103,0,28*,10.30,22,1,31.23,3.97,5/48,ENG,T
A E Relf,Albert Relf,26/06/1874,1903-1914,13,21,416,0,63*,23.11,25,1,24.96,2.12,5/85,ENG,T
H J Rhodes,Harold Rhodes,22/07/1936,1959-1959,2,1,0,0,0,0.00,9,0,27.11,3.26,4/50,ENG,T
S J Rhodes,Steven Rhodes,17/06/1964,1994-1995,11,17,294,0,65,24.50,0,0,-,-,,ENG,T
W Rhodes,Wilfred Rhodes,29/10/1877,1899-1930,58,98,2325,2,179*,30.19,127,6,26.97,2.50,8/68,ENG,T
C J Richards,Jack Richards,10/08/1958,1986-1988,8,13,285,1,133*,21.92,0,0,-,-,,ENG,T
D W Richardson,Dick Richardson,03/11/1934,1957-1957,1,1,33,0,33*,33.00,0,0,-,-,,ENG,T
P E Richardson,Peter Richardson,04/07/1931,1956-1963,34,56,2061,5,126*,37.47,3,0,16.00,2.40,2/10,ENG,T
T Richardson,Thomas Richardson,11/08/1870,1893-1898,14,24,177,0,25,11.06,88,11,25.23,2.96,8/94,ENG,T
T L Richmond,Thomas Richmond,23/06/1890,1921-1921,1,2,6,0,4*,3.00,2,0,43.00,4.53,2/69,ENG,T
F Ridgway,Frederick Ridgway,10/08/1923,1951-1952,5,6,49,0,24*,8.17,7,0,54.14,2.87,4/83,ENG,T
J D B Robertson,John Robertson,22/02/1917,1947-1952,11,21,881,2,133*,46.37,2,0,29.00,2.52,2/17,ENG,T
R W V Robins,Robert Robins,03/06/1906,1929-1937,19,27,612,1,108*,26.61,64,1,27.47,3.18,6/32,ENG,T
O E Robinson*,Ollie Robinson,01/12/1993,2021-,20,33,410,0,58*,14.64,76,3,22.92,2.75,5/49,ENG,T
R T Robinson,Tim Robinson,21/11/1958,1984-1989,29,49,1601,4,175*,36.39,0,0,-,0.00,0/0,ENG,T
S D Robson,Sam Robson,01/07/1989,2014-2014,7,11,336,1,127*,30.55,0,0,-,-,,ENG,T
T S Roland-Jones,Toby Roland-Jones,29/01/1988,2017-2017,4,6,82,0,25*,20.50,17,1,19.65,3.74,5/57,ENG,T
G R J Roope,Graham Roope,12/07/1946,1973-1978,21,32,860,0,77*,30.71,0,0,-,2.65,0/2,ENG,T
C F Root,Charles Root,16/04/1890,1926-1926,3,0,0,0,0*,0.00,8,0,24.25,1.81,4/84,ENG,T
J E Root*,Joe Root,30/12/1990,2012-,153,279,13006,36,262*,50.80,71,1,45.37,3.30,5/8,ENG,T
B C Rose,Brian Rose,04/06/1950,1977-1981,9,16,358,0,70*,25.57,0,0,-,-,,ENG,T
J J Roy*,Jason Roy,21/07/1990,2019-2019,5,10,187,0,72*,18.70,0,0,-,-,,ENG,T
V P F Royle,Vernon Royle,29/01/1854,1879-1879,1,2,21,0,18*,10.50,0,0,-,2.25,0/6,ENG,T
F E Rumsey,Fred Rumsey,04/12/1935,1964-1965,5,5,30,0,21,15.00,17,0,27.12,2.42,4/25,ENG,T
C A G Russell,Charles Russell,07/10/1887,1920-1923,10,18,910,5,140*,56.88,0,0,-,-,,ENG,T
R C Russell,Jack Russell,15/08/1963,1988-1998,54,86,1897,2,128,27.10,0,0,-,-,,ENG,T
W E Russell,Eric Russell,03/07/1936,1961-1967,10,18,362,0,70*,21.29,0,0,-,1.83,0/19,ENG,T
M J Saggers,Martin Saggers,23/05/1972,2003-2004,3,3,1,0,1*,0.33,7,0,35.29,3.01,2/29,ENG,T
I D K Salisbury,Ian Salisbury,21/01/1970,1992-2000,15,25,368,0,50*,16.73,20,0,76.95,3.71,4/163,ENG,T
A Sandham,Andrew Sandham,06/07/1890,1921-1930,14,23,879,2,325*,38.22,0,0,-,-,,ENG,T
C P Schofield,Christopher Schofield,06/10/1978,2000-2000,2,3,67,0,57*,22.33,0,0,-,4.06,0/73,ENG,T
S S Schultz,Sandford Schultz,29/08/1857,1879-1879,1,2,20,0,20*,20.00,1,0,26.00,4.59,1/16,ENG,T
W H Scotton,William Scotton,15/01/1856,1881-1887,15,25,510,0,90*,22.17,0,0,-,6.00,0/20,ENG,T
J Selby,John Selby,01/07/1849,1877-1882,6,12,256,0,70*,23.27,0,0,-,-,,ENG,T
M W W Selvey,Michael Selvey,25/04/1948,1976-1977,3,5,15,0,5,7.50,6,0,57.17,4.18,4/41,ENG,T
D Shackleton,Derek Shackleton,12/08/1924,1950-1963,7,13,113,0,42*,18.83,18,0,42.67,2.22,4/72,ENG,T
O A Shah,Owais Shah,22/10/1978,2006-2009,6,10,269,0,88*,26.90,0,0,-,6.20,0/12,ENG,T
J Sharp,John Sharp,15/02/1878,1909-1909,3,6,188,1,105*,47.00,3,0,37.00,3.64,3/67,ENG,T
J W Sharpe,John Sharpe,09/12/1866,1890-1892,3,6,44,0,26*,22.00,11,1,27.73,1.88,6/84,ENG,T
P J Sharpe,Philip Sharpe,27/12/1936,1963-1969,12,21,786,1,111*,46.24,0,0,-,-,,ENG,T
A Shaw,Alfred Shaw,29/08/1842,1877-1882,7,12,111,0,40*,10.09,12,1,23.75,1.56,5/38,ENG,T
D S R Sheppard,David Sheppard,06/03/1929,1950-1963,22,33,1172,3,119*,37.81,0,0,-,-,,ENG,T
M Sherwin,Mordecai Sherwin,26/02/1851,1887-1888,3,6,30,0,21,15.00,0,0,-,-,,ENG,T
Shoaib Bashir*,Shoaib Bashir,13/10/2003,2024-,16,23,76,0,13*,6.91,52,3,39.08,3.75,5/41,ENG,T
A Shrewsbury,Arthur Shrewsbury,11/04/1856,1881-1893,23,40,1277,3,164*,35.47,0,0,-,1.00,0/2,ENG,T
J Shuter,John Shuter,09/02/1855,1888-1888,1,1,28,0,28*,28.00,0,0,-,-,,ENG,T
K Shuttleworth,Kenneth Shuttleworth,13/11/1944,1970-1971,5,6,46,0,21*,7.67,12,1,35.58,2.39,5/47,ENG,T
D P Sibley,Dom Sibley,05/09/1995,2019-2021,22,39,1042,2,133,28.94,0,0,-,7.00,0/7,ENG,T
A Sidebottom,Arnold Sidebottom,01/04/1954,1985-1985,1,1,2,0,2*,2.00,1,0,65.00,3.48,1/65,ENG,T
R J Sidebottom,Ryan Sidebottom,15/01/1978,2001-2010,22,31,313,0,31*,15.65,79,5,28.24,2.78,7/47,ENG,T
C E W Silverwood,Christopher Silverwood,05/03/1975,1996-2002,6,7,29,0,10*,7.25,11,1,40.36,3.22,5/91,ENG,T
R T Simpson,Reginald Simpson,27/02/1920,1948-1955,27,45,1401,4,156,33.36,2,0,11.00,2.93,2/4,ENG,T
G H T Simpson-Hayward,George Simpson-Hayward,07/06/1875,1910-1910,5,8,105,0,29,15.00,23,2,18.26,2.81,6/43,ENG,T
J M Sims,James Sims,13/05/1903,1935-1937,4,4,16,0,12*,4.00,11,1,43.64,3.25,5/73,ENG,T
R A Sinfield,Reginald Sinfield,24/12/1900,1938-1938,1,1,6,0,6*,6.00,2,0,61.50,1.95,1/51,ENG,T
W N Slack,Wilfred Slack,12/12/1954,1986-1986,3,6,81,0,52*,13.50,0,0,-,-,,ENG,T
T F Smailes,Thomas Smailes,27/03/1910,1946-1946,1,1,25,0,25*,25.00,3,0,20.67,3.10,3/44,ENG,T
G C Small,Gladstone Small,18/10/1961,1986-1991,17,24,263,0,59*,15.47,55,2,34.02,2.86,5/48,ENG,T
A C Smith,Alan Smith,25/10/1936,1962-1963,6,7,118,0,69,29.50,0,0,-,-,,ENG,T
A M Smith,Andrew Smith,01/10/1967,1997-1997,1,2,4,0,4,4.00,0,0,-,3.87,0/89,ENG,T
C A Smith,Aubrey Smith,21/07/1863,1889-1889,1,1,3,0,3*,3.00,7,1,8.71,2.38,5/19,ENG,T
C I J Smith,Cedric Smith,25/08/1906,1935-1937,5,10,102,0,27*,10.20,15,1,26.20,2.54,5/16,ENG,T
C L Smith,Christopher Smith,15/10/1958,1983-1986,8,14,392,0,91*,30.15,3,0,13.00,2.29,2/31,ENG,T
D Smith,Denis Smith,24/01/1907,1935-1935,2,4,128,0,57*,32.00,0,0,-,-,,ENG,T
D M Smith,David Smith,09/01/1956,1986-1986,2,4,80,0,47*,20.00,0,0,-,-,,ENG,T
D R Smith,David Smith,05/10/1934,1961-1962,5,5,38,0,34*,9.50,6,0,59.83,2.22,2/60,ENG,T
D V Smith,Don Smith,14/06/1923,1957-1957,3,4,25,0,16,8.33,1,0,97.00,2.16,1/12,ENG,T
E J Smith,Ernest Smith,06/02/1886,1911-1913,11,14,113,0,22*,8.69,0,0,-,-,,ENG,T
E T Smith,Edward Smith,19/07/1977,2003-2003,3,5,87,0,64*,17.40,0,0,-,-,,ENG,T
H Smith,Harry Smith,21/05/1890,1928-1928,1,1,7,0,7*,7.00,0,0,-,-,,ENG,T
J L Smith*,Jamie Smith,12/07/2000,2024-,10,16,641,1,111*,42.73,0,0,-,-,,ENG,T
M J K Smith,Mike Smith,30/06/1933,1958-1972,50,78,2278,3,121*,31.64,1,0,128.00,3.59,1/10,ENG,T
R A Smith,Robin Smith,13/09/1963,1988-1996,62,112,4236,9,175*,43.67,0,0,-,1.50,0/6,ENG,T
T P B Smith,Thomas Smith,30/10/1908,1946-1947,4,5,33,0,24*,6.60,3,0,106.33,3.56,2/172,ENG,T
G A Smithson,Gerald Smithson,01/11/1926,1948-1948,2,3,70,0,35*,23.33,0,0,-,-,,ENG,T
J A Snow,John Snow,13/10/1941,1965-1976,49,71,772,0,73*,13.54,202,8,26.67,2.69,7/40,ENG,T
J Southerton,James Southerton,16/11/1827,1877-1877,2,3,7,0,6*,3.50,7,0,15.29,2.44,4/46,ENG,T
R H Spooner,Reginald Spooner,21/10/1880,1905-1912,10,15,481,1,119*,32.07,0,0,-,-,,ENG,T
R T Spooner,Richard Spooner,30/12/1919,1951-1955,7,14,354,0,92*,27.23,0,0,-,-,,ENG,T
R T Stanyforth,Ronald Stanyforth,30/05/1892,1927-1928,4,6,13,0,6,2.60,0,0,-,-,,ENG,T
S J Staples,Samuel Staples,18/09/1892,1928-1928,3,5,65,0,39*,13.00,15,0,29.00,2.27,3/50,ENG,T
J B Statham,Brian Statham,17/06/1930,1951-1965,70,87,675,0,38*,11.44,252,9,24.85,2.34,7/39,ENG,T
A G Steel,Allan Steel,24/09/1858,1880-1888,13,20,600,2,148*,35.29,29,0,20.86,2.66,3/27,ENG,T
D S Steele,David Steele,29/09/1941,1975-1976,8,16,673,1,106*,42.06,2,0,19.50,2.66,1/1,ENG,T
J P Stephenson,John Stephenson,14/03/1965,1989-1989,1,2,36,0,25*,18.00,0,0,-,-,,ENG,T
G T S Stevens,Greville Stevens,07/01/1901,1922-1930,10,17,263,0,69*,15.47,20,2,32.40,3.28,5/90,ENG,T
G B Stevenson,Graham Stevenson,16/12/1955,1980-1981,2,2,28,0,27,28.00,5,0,36.60,3.52,3/111,ENG,T
A J Stewart,Alec Stewart,08/04/1963,1990-2003,133,235,8463,15,190*,39.55,0,0,-,3.90,0/5,ENG,T
M J Stewart,Micky Stewart,16/09/1932,1962-1964,8,12,385,0,87*,35.00,0,0,-,-,,ENG,T
A E Stoddart,Andrew Stoddart,11/03/1863,1888-1898,16,30,996,2,173*,35.57,2,0,47.00,3.48,1/10,ENG,T
B A Stokes*,Ben Stokes,04/06/1991,2013-,111,199,6728,13,258*,35.41,212,4,32.11,3.33,6/22,ENG,T
O P Stone*,Olly Stone,09/10/1993,2019-,5,10,102,0,20*,11.33,17,0,23.53,3.93,3/29,ENG,T
M D Stoneman,Mark Stoneman,26/06/1987,2017-2018,11,20,526,0,60*,27.68,0,0,-,-,,ENG,T
W Storer,William Storer,25/01/1867,1897-1899,6,11,215,0,51*,19.55,2,0,54.00,3.86,1/24,ENG,T
A J Strauss,Andrew Strauss,02/03/1977,2004-2012,100,178,7037,21,177*,40.91,0,0,-,-,,ENG,T
G B Street,George Street,06/12/1889,1923-1923,1,2,11,0,7,11.00,0,0,-,-,,ENG,T
H Strudwick,Herbert Strudwick,28/01/1880,1910-1926,28,42,230,0,24*,7.93,0,0,-,-,,ENG,T
C T Studd,Charles Studd,02/12/1860,1882-1883,5,9,160,0,48*,20.00,3,0,32.67,1.53,2/35,ENG,T
G B Studd,George Studd,20/10/1859,1882-1883,4,7,31,0,9*,4.43,0,0,-,-,,ENG,T
R Subba Row,Raman Subba Row,29/01/1932,1958-1961,13,22,984,3,137*,46.86,0,0,-,2.00,0/2,ENG,T
P M Such,Peter Such,12/06/1964,1993-1999,11,16,67,0,14,6.09,37,2,33.57,2.39,6/67,ENG,T
F H Sugg,Frank Sugg,11/01/1862,1888-1888,2,2,55,0,31*,27.50,0,0,-,-,,ENG,T
H Sutcliffe,Herbert Sutcliffe,24/11/1894,1924-1935,54,84,4555,16,194*,60.73,0,0,-,-,,ENG,T
G P Swann,Graeme Swann,24/03/1979,2008-2013,60,76,1370,0,85*,22.10,255,17,29.97,2.99,6/65,ENG,T
R Swetman,Roy Swetman,25/10/1933,1959-1960,11,17,254,0,65*,16.93,0,0,-,-,,ENG,T
F W Tate,Frederick Tate,24/07/1867,1902-1902,1,2,9,0,5,9.00,2,0,25.50,3.19,2/7,ENG,T
M W Tate,Maurice Tate,30/05/1895,1924-1935,39,52,1198,1,100,25.49,155,7,26.16,1.94,6/42,ENG,T
R Tattersall,Roy Tattersall,17/08/1922,1951-1954,16,17,50,0,10,5.00,58,4,26.09,2.15,7/52,ENG,T
C J Tavare,Chris Tavare,27/10/1954,1980-1989,31,56,1755,2,149*,32.50,0,0,-,2.20,0/0,ENG,T
J P Taylor,Jonathan Taylor,08/08/1964,1993-1994,2,4,34,0,17,17.00,3,0,52.00,3.25,1/18,ENG,T
J W A Taylor,James Taylor,06/01/1990,2012-2016,7,13,312,0,76*,26.00,0,0,-,-,,ENG,T
K Taylor,Ken Taylor,21/08/1935,1959-1964,3,5,57,0,24*,11.40,0,0,-,3.00,0/6,ENG,T
L B Taylor,Leslie Taylor,25/10/1953,1985-1985,2,1,1,0,1,0.00,4,0,44.50,2.80,2/34,ENG,T
R W Taylor,Robert Taylor,17/07/1941,1971-1984,57,83,1156,0,97*,16.28,0,0,-,3.00,0/6,ENG,T
L H Tennyson,Lionel Tennyson,07/11/1889,1913-1921,9,12,345,0,74,31.36,0,0,-,1.00,0/1,ENG,T
V P Terry,Vivian Terry,14/01/1959,1984-1984,2,3,16,0,8*,5.33,0,0,-,-,,ENG,T
J G Thomas,John Thomas,12/08/1960,1986-1986,5,10,83,0,31,13.83,10,0,50.40,3.91,4/70,ENG,T
G J Thompson,George Thompson,27/10/1877,1909-1910,6,10,273,0,63*,30.33,23,0,27.74,2.80,4/50,ENG,T
N I Thomson,Ian Thomson,23/01/1929,1964-1965,5,4,69,0,39*,23.00,9,0,63.11,2.29,2/55,ENG,T
G P Thorpe,Graham Thorpe,01/08/1969,1993-2005,100,179,6744,16,200,44.66,0,0,-,1.61,0/0,ENG,T
F J Titmus,Fred Titmus,24/11/1932,1955-1975,53,76,1449,0,84,22.29,153,7,32.23,1.98,7/79,ENG,T
R W Tolchard,Roger Tolchard,15/06/1946,1977-1977,4,7,129,0,67*,25.80,0,0,-,-,,ENG,T
J C Tongue*,Joshua Tongue,15/11/1997,2023-,3,2,20,0,19*,10.00,12,1,27.92,3.68,5/66,ENG,T
C L Townsend,Charlie Townsend,07/11/1876,1899-1899,2,3,51,0,38*,17.00,3,0,25.00,3.21,3/50,ENG,T
D C H Townsend,David Townsend,20/04/1912,1935-1935,3,6,77,0,36*,12.83,0,0,-,9.00,0/9,ENG,T
L F Townsend,Leslie Townsend,08/06/1903,1930-1934,4,6,97,0,40*,16.17,6,0,34.17,3.08,2/22,ENG,T
J C Tredwell,James Tredwell,27/02/1982,2010-2015,2,2,45,0,37*,22.50,11,0,29.18,2.45,4/47,ENG,T
C T Tremlett,Christopher Tremlett,02/09/1981,2007-2013,12,15,113,0,25,10.27,53,2,27.00,2.96,6/48,ENG,T
M F Tremlett,Maurice Tremlett,05/07/1923,1948-1948,3,5,20,0,18,6.67,4,0,56.50,2.76,2/98,ENG,T
M E Trescothick,Marcus Trescothick,25/12/1975,2000-2006,76,143,5825,14,219*,43.80,1,0,155.00,3.10,1/34,ENG,T
A E Trott,Albert Trott,06/02/1873,1899-1899,2,4,23,0,16*,5.75,17,1,11.65,2.51,5/49,ENG,T
I J L Trott,Jonathan Trott,22/04/1981,2009-2015,52,93,3835,9,226*,44.08,5,0,80.00,3.39,1/5,ENG,T
F S Trueman,Fred Trueman,06/02/1931,1952-1965,67,85,981,0,39,13.82,307,17,21.58,2.62,8/31,ENG,T
A J Tudor,Alex Tudor,23/10/1977,1998-2002,10,16,229,0,99,19.08,28,1,34.39,3.82,5/44,ENG,T
N C Tufnell,Neville Tufnell,13/06/1887,1910-1910,1,1,14,0,14*,14.00,0,0,-,-,,ENG,T
P C R Tufnell,Phil Tufnell,29/04/1966,1990-2001,42,59,153,0,22,5.10,121,5,37.69,2.43,7/47,ENG,T
M J Turnbull,Maurice Turnbull,16/03/1906,1930-1936,9,13,224,0,61*,20.36,0,0,-,-,,ENG,T
G E Tyldesley,George Tyldesley,05/02/1889,1921-1929,14,20,990,3,122*,55.00,0,0,-,4.00,0/2,ENG,T
J T Tyldesley,John Tyldesley,22/11/1873,1899-1909,31,55,1661,4,138*,30.76,0,0,-,-,,ENG,T
R K Tyldesley,Dick Tyldesley,11/03/1897,1924-1930,7,7,47,0,29*,7.83,19,0,32.58,2.30,3/50,ENG,T
E F S Tylecote,Edmund Tylecote,23/06/1849,1882-1886,6,9,152,0,66*,19.00,0,0,-,-,,ENG,T
E J Tyler,Ted Tyler,13/10/1864,1896-1896,1,1,0,0,0*,0.00,4,0,16.25,2.69,3/49,ENG,T
F H Tyson,Frank Tyson,06/06/1930,1954-1959,17,24,230,0,37,10.95,76,4,18.57,2.45,7/27,ENG,T
S D Udal,Shaun Udal,18/03/1969,2005-2006,4,7,109,0,33,18.17,8,0,43.00,3.46,4/14,ENG,T
G Ulyett,George Ulyett,21/10/1851,1877-1890,25,39,949,1,149*,24.33,50,1,20.40,2.33,7/36,ENG,T
D L Underwood,Derek Underwood,08/06/1945,1966-1982,86,116,937,0,45,11.57,297,17,25.84,2.11,8/51,ENG,T
B H Valentine,Brian Valentine,17/01/1908,1933-1939,7,9,454,2,136*,64.86,0,0,-,-,,ENG,T
M P Vaughan,Michael Vaughan,29/10/1974,1999-2008,82,147,5719,18,197*,41.44,6,0,93.50,3.44,2/71,ENG,T
H Verity,Hedley Verity,18/05/1905,1931-1939,40,44,669,0,66,20.91,144,5,24.38,1.88,8/43,ENG,T
G F Vernon,George Vernon,20/06/1856,1882-1882,1,2,14,0,11,14.00,0,0,-,-,,ENG,T
J M Vince*,James Vince,14/03/1991,2016-2018,13,22,548,0,83*,24.91,0,0,-,3.25,0/0,ENG,T
J Vine,Joseph Vine,15/05/1875,1912-1912,2,3,46,0,36*,46.00,0,0,-,-,,ENG,T
W Voce,William Voce,08/08/1909,1930-1947,27,38,308,0,66*,13.39,98,3,27.89,2.58,7/70,ENG,T
A Waddington,Abraham Waddington,04/02/1893,1920-1921,2,4,16,0,7*,4.00,1,0,119.00,2.59,1/35,ENG,T
E Wainwright,Edward Wainwright,08/04/1865,1893-1898,5,9,132,0,49*,14.67,0,0,-,3.45,0/11,ENG,T
P M Walker,Peter Walker,17/02/1936,1960-1960,3,4,128,0,52*,32.00,0,0,-,2.62,0/8,ENG,T
C F Walters,Cyril Walters,28/08/1905,1933-1934,11,18,784,1,102*,52.27,0,0,-,-,,ENG,T
A Ward,Alan Ward,10/08/1947,1969-1976,5,6,40,0,21*,8.00,14,0,32.36,3.57,4/61,ENG,T
A Ward,Albert Ward,21/11/1865,1893-1895,7,13,487,1,117*,37.46,0,0,-,-,,ENG,T
I J Ward,Ian Ward,30/09/1972,2001-2001,5,9,129,0,39*,16.13,0,0,-,-,,ENG,T
J H Wardle,John Wardle,08/01/1923,1948-1957,28,41,653,0,66*,19.79,102,5,20.39,1.89,7/36,ENG,T
P F Warner,Pelham Warner,02/10/1873,1899-1912,15,28,622,1,132,23.92,0,0,-,-,,ENG,T
J J Warr,John Warr,16/07/1927,1951-1951,2,4,4,0,4*,1.00,1,0,281.00,2.89,1/76,ENG,T
A Warren,Arnold Warren,02/04/1875,1905-1905,1,1,7,0,7*,7.00,6,1,18.83,2.87,5/57,ENG,T
C Washbrook,Cyril Washbrook,06/12/1914,1937-1956,37,66,2569,6,195*,42.82,1,0,33.00,5.50,1/25,ENG,T
S L Watkin,Steven Watkin,15/09/1964,1991-1993,3,5,25,0,13*,5.00,11,0,27.73,3.43,4/65,ENG,T
A J Watkins,Allan Watkins,21/04/1922,1948-1952,15,24,810,2,137,40.50,11,0,50.36,2.44,3/20,ENG,T
M Watkinson,Michael Watkinson,01/08/1961,1995-1996,4,6,167,0,82,33.40,10,0,34.80,3.11,3/64,ENG,T
W Watson,Willlie Watson,07/03/1920,1951-1959,23,37,879,2,116*,25.85,0,0,-,-,,ENG,T
A J Webbe,Alexander Webbe,16/01/1855,1879-1879,1,2,4,0,4*,2.00,0,0,-,-,,ENG,T
A W Wellard,Arthur Wellard,08/04/1902,1937-1938,2,4,47,0,38*,11.75,7,0,33.86,3.12,4/81,ENG,T
A P Wells,Alan Wells,02/10/1961,1995-1995,1,2,3,0,3,3.00,0,0,-,-,,ENG,T
T Westley,Tom Westley,13/03/1989,2017-2017,5,9,193,0,59*,24.13,0,0,-,3.00,0/12,ENG,T
A Wharton,Alan Wharton,30/04/1923,1949-1949,1,2,20,0,13*,10.00,0,0,-,-,,ENG,T
J J Whitaker,John Whitaker,05/05/1962,1986-1986,1,1,11,0,11*,11.00,0,0,-,-,,ENG,T
C White,Craig White,16/12/1969,1994-2002,30,50,1052,1,121*,24.47,59,3,37.63,3.36,5/32,ENG,T
D W White,David White,14/12/1935,1961-1962,2,2,0,0,0*,0.00,4,0,29.75,3.25,3/65,ENG,T
J C White,John White,19/02/1891,1921-1931,15,22,239,0,29*,18.38,49,3,32.27,1.98,8/126,ENG,T
W W Whysall,William Whysall,31/10/1887,1925-1930,4,7,209,0,76*,29.86,0,0,-,3.38,0/9,ENG,T
L L Wilkinson,Leonard Wilkinson,05/11/1916,1938-1939,3,2,3,0,2*,3.00,7,0,38.71,2.84,2/12,ENG,T
P Willey,Peter Willey,06/12/1949,1976-1986,26,50,1184,2,102,26.91,7,0,65.14,2.51,2/73,ENG,T
N F Williams,Neil Williams,02/07/1962,1990-1990,1,1,38,0,38*,38.00,2,0,74.00,3.61,2/148,ENG,T
R G D Willis,Bob Willis,30/05/1949,1971-1984,90,128,840,0,28,11.51,325,16,25.20,2.83,8/43,ENG,T
C E M Wilson,Clement Wilson,15/05/1875,1899-1899,2,4,42,0,18*,14.00,0,0,-,-,,ENG,T
D Wilson,Don Wilson,07/08/1937,1964-1971,6,7,75,0,42*,12.50,11,0,42.36,1.90,2/17,ENG,T
E R Wilson,Evelyn Wilson,25/03/1879,1921-1921,1,2,10,0,5*,5.00,3,0,12.00,1.76,2/28,ENG,T
C R Woakes*,Chris Woakes,02/03/1989,2013-,57,92,1970,1,137,26.27,181,5,28.24,3.03,6/17,ENG,T
A Wood,Arthur Wood,25/08/1898,1938-1939,4,5,80,0,53*,20.00,0,0,-,-,,ENG,T
B Wood,Barry Wood,26/12/1942,1972-1978,12,21,454,0,90*,21.62,0,0,-,3.06,0/2,ENG,T
G E C Wood,George Wood,22/08/1893,1924-1924,3,2,7,0,6*,3.50,0,0,-,-,,ENG,T
H Wood,Henry Wood,14/12/1853,1888-1892,4,4,204,1,134,68.00,0,0,-,-,,ENG,T
M A Wood*,Mark Wood,11/01/1990,2015-,37,62,807,0,52*,15.82,119,5,30.43,3.32,6/37,ENG,T
R Wood,Reginald Wood,07/03/1860,1887-1887,1,2,6,0,6*,3.00,0,0,-,-,,ENG,T
S M J Woods,Samuel Woods,13/08/1867,1896-1896,3,4,122,0,53*,30.50,5,0,25.80,3.97,3/28,ENG,T
F E Woolley,Frank Woolley,27/05/1887,1909-1934,64,98,3283,5,154*,36.08,83,4,33.92,2.60,7/76,ENG,T
R A Woolmer,Robert Woolmer,14/05/1948,1975-1981,19,34,1059,3,149*,33.09,4,0,74.75,3.29,1/8,ENG,T
T S Worthington,Thomas Worthington,21/08/1905,1930-1937,9,11,321,1,128*,29.18,8,0,39.50,3.00,2/19,ENG,T
C W Wright,Charles Wright,27/05/1863,1896-1896,3,4,125,0,71*,31.25,0,0,-,-,,ENG,T
D V P Wright,Douglas Wright,21/08/1914,1938-1951,34,39,289,0,45*,11.12,108,6,39.11,3.12,7/105,ENG,T
R E S Wyatt,Robert Wyatt,02/05/1901,1927-1937,40,64,1839,2,149*,31.71,18,0,35.67,2.76,3/4,ENG,T
E G Wynyard,Teddy Wynyard,01/04/1861,1896-1906,3,6,72,0,30*,12.00,0,0,-,4.25,0/2,ENG,T
N W D Yardley,Norman Yardley,19/03/1915,1938-1950,20,34,812,0,99*,25.38,21,0,33.67,2.55,3/67,ENG,T
H I Young,Harding Young,05/02/1876,1899-1899,2,2,43,0,43*,21.50,12,0,21.83,2.83,4/30,ENG,T
J A Young,John Young,14/10/1912,1947-1949,8,10,28,0,10,5.60,17,0,44.53,1.91,3/65,ENG,T
R A Young,Richard Young,16/09/1885,1907-1908,2,4,27,0,13*,6.75,0,0,-,-,,ENG,T
Total Players = 718,,,,,,,,,,,,,,,ENG,T
