Name,Known As,Born,Career,Matches,Inns,Runs,100s,HS,Bat Avg,Wkts,4W,Bowl Avg,E/R,Best,Country,Format
C J Adams,Christopher Adams,06/05/1970,1998-2000,5,4,71,0,42*,17.75,0,0,-,-,,ENG,O
J P Agnew,Jonathan Agnew,04/04/1960,1985-1985,3,1,2,0,2,0.00,3,0,40.00,5.71,3/38,ENG,O
Ajmal Shahzad,Ajmal Shahzad,27/07/1985,2010-2011,11,8,39,0,9*,6.50,17,0,28.82,5.00,3/41,ENG,O
M W Alleyne,Mark Alleyne,23/05/1968,1999-2000,10,8,151,0,53*,21.57,10,0,28.00,4.59,3/27,ENG,O
P J W Allott,Paul Allott,14/09/1956,1982-1985,13,6,15,0,8*,3.75,15,0,36.80,4.04,3/41,ENG,O
T R Ambrose,Timothy Ambrose,01/12/1982,2008-2008,5,5,10,0,6*,2.50,0,0,-,-,,ENG,O
D L Amiss,Dennis Amiss,07/04/1943,1972-1977,18,18,859,4,137*,47.72,0,0,-,-,,ENG,O
J M Anderson,James Anderson,30/07/1982,2002-2015,194,79,273,0,28*,7.58,269,13,29.22,4.92,5/23,ENG,O
Z S Ansari,Zafar Ansari,10/12/1991,2015-2015,1,0,0,0,0*,0.00,0,0,-,-,,ENG,O
J C Archer*,Jofra Archer,01/04/1995,2019-,31,18,162,0,38,18.00,54,1,26.31,5.23,6/40,ENG,O
G G Arnold,Geoffrey Arnold,03/09/1944,1972-1975,14,6,48,0,18,16.00,19,1,17.84,2.85,4/27,ENG,O
M A Atherton,Michael Atherton,23/05/1968,1990-1998,54,54,1791,2,127*,35.12,0,0,-,-,,ENG,O
C W J Athey,Bill Athey,27/09/1957,1980-1988,31,30,848,2,142,31.41,0,0,-,10.00,0/10,ENG,O
A A P Atkinson*,Gus Atkinson,19/01/1998,2023-,11,8,104,0,38*,17.33,13,0,40.54,6.70,2/28,ENG,O
I D Austin,Ian Austin,30/05/1966,1998-1999,9,6,34,0,11,6.80,6,0,60.00,4.55,2/25,ENG,O
R J Bailey,Robert Bailey,28/10/1963,1985-1990,4,4,137,0,43,68.50,0,0,-,4.17,0/25,ENG,O
D L Bairstow,David Bairstow,01/09/1951,1979-1984,21,20,206,0,23,14.71,0,0,-,-,,ENG,O
J M Bairstow*,Jonny Bairstow,26/09/1989,2011-,107,98,3868,11,141,42.98,0,0,-,-,,ENG,O
J T Ball,Jacob Ball,14/03/1991,2016-2018,18,6,38,0,28*,9.50,21,1,46.67,6.21,5/51,ENG,O
G S Ballance*,Gary Ballance,22/11/1989,2013-,16,15,297,0,79*,21.21,0,0,-,-,,ENG,O
T Banton*,Tom Banton,11/11/1998,2020-,7,6,172,0,58*,28.67,0,0,-,-,,ENG,O
G D Barlow,Graham Barlow,26/03/1950,1976-1977,6,6,149,0,80,29.80,0,0,-,-,,ENG,O
K J Barnett,Kim Barnett,17/07/1960,1988-1988,1,1,84,0,84*,84.00,0,0,-,-,,ENG,O
G J Batty,Gareth Batty,13/10/1977,2002-2009,10,8,30,0,17*,5.00,5,0,73.20,4.99,2/40,ENG,O
I R Bell,Ian Bell,11/04/1982,2004-2015,161,157,5416,4,141*,37.87,6,0,14.67,6.00,3/9,ENG,O
J E Benjamin,Joseph Benjamin,02/02/1961,1994-1995,2,1,0,0,0*,0.00,1,0,47.00,3.92,1/22,ENG,O
M R Benson,Mark Benson,06/07/1958,1986-1986,1,1,24,0,24*,24.00,0,0,-,-,,ENG,O
J G Bethell*,Jacob Bethell,23/10/2003,2024-,9,8,218,0,55*,31.14,5,0,32.40,7.04,2/33,ENG,O
M P Bicknell,Martin Bicknell,14/01/1969,1990-1991,7,6,96,0,31,24.00,13,0,26.69,5.04,3/55,ENG,O
S W Billings*,Sam Billings,15/06/1991,2015-,28,23,702,1,118*,33.43,0,0,-,-,,ENG,O
I D Blackwell,Ian Blackwell,10/06/1978,2002-2006,34,29,403,0,82*,14.93,24,0,36.58,4.28,3/26,ENG,O
R J Blakey,Richard Blakey,15/01/1967,1992-1993,3,2,25,0,25*,12.50,0,0,-,-,,ENG,O
R S Bopara,Ravi Bopara,04/05/1985,2007-2015,120,109,2695,1,101,30.63,40,1,38.08,4.91,4/38,ENG,O
S G Borthwick,Scott Borthwick,19/04/1990,2011-2011,2,2,18,0,15*,9.00,0,0,-,8.00,0/13,ENG,O
I T Botham,Ian Botham,24/11/1955,1976-1992,116,106,2113,0,79*,23.22,145,3,28.54,3.96,4/31,ENG,O
G Boycott,Geoff Boycott,21/10/1940,1971-1981,36,34,1082,1,105*,36.07,5,0,21.00,3.75,2/14,ENG,O
J M Brearley,Mike Brearley,28/04/1942,1977-1980,25,24,510,0,78*,24.29,0,0,-,-,,ENG,O
T T Bresnan,Tim Bresnan,28/02/1985,2006-2015,85,64,871,0,80*,19.80,109,4,34.98,5.42,5/48,ENG,O
D R Briggs,Danny Briggs,30/04/1991,2012-2012,1,0,0,0,0*,0.00,2,0,19.50,3.90,2/39,ENG,O
B C Broad,Chris Broad,29/09/1957,1987-1988,34,34,1361,1,106*,40.03,0,0,-,6.00,0/6,ENG,O
S C J Broad,Stuart Broad,24/06/1986,2006-2016,121,68,529,0,45,12.30,178,10,30.13,5.27,5/23,ENG,O
H C Brook*,Harry Brook,22/02/1999,2023-,26,26,816,1,110,34.00,0,0,-,-,,ENG,O
A D Brown,Alistair Brown,11/02/1970,1996-2001,16,16,354,1,118*,22.13,0,0,-,5.00,0/5,ENG,O
D R Brown,Dougie Brown,29/10/1969,1997-1998,9,8,99,0,21*,24.75,7,0,43.57,5.65,2/28,ENG,O
A R Butcher,Alan Butcher,07/01/1954,1980-1980,1,1,14,0,14*,14.00,0,0,-,-,,ENG,O
R O Butcher,Roland Butcher,14/10/1953,1980-1981,3,3,58,0,52*,19.33,0,0,-,-,,ENG,O
J C Buttler*,Jos Buttler,08/09/1990,2012-,187,160,5196,11,162,39.07,0,0,-,-,,ENG,O
A R Caddick,Andy Caddick,21/11/1968,1993-2003,54,38,249,0,36*,12.45,69,3,28.48,4.01,4/19,ENG,O
D J Capel,David Capel,06/02/1963,1987-1990,23,19,327,0,50,19.24,17,0,47.35,4.65,3/38,ENG,O
M A Carberry,Michael Carberry,29/09/1980,2013-2014,6,6,114,0,63*,19.00,0,0,-,12.00,0/12,ENG,O
B A Carse*,Brydon Carse,31/07/1995,2021-,21,14,210,0,32*,21.00,24,1,39.46,6.50,5/61,ENG,O
G Chapple,Glen Chapple,23/01/1974,2006-2006,1,1,14,0,14*,14.00,0,0,-,3.50,0/14,ENG,O
R Clarke,Rikki Clarke,29/09/1981,2003-2006,20,13,144,0,39*,11.08,11,0,37.73,5.30,2/28,ENG,O
D B Close,Brian Close,24/02/1931,1972-1972,3,3,49,0,43*,16.33,0,0,-,7.00,0/21,ENG,O
P D Collingwood,Paul Collingwood,26/05/1976,2001-2011,197,181,5092,5,120,35.36,111,4,38.68,4.97,6/31,ENG,O
A N Cook,Alastair Cook,25/12/1984,2006-2014,92,92,3204,5,137*,36.41,0,0,-,-,,ENG,O
G Cook,Geoffrey Cook,09/10/1951,1981-1983,6,6,106,0,32*,17.67,0,0,-,-,,ENG,O
N G B Cook,Nicholas Cook,17/06/1956,1984-1989,3,0,0,0,0*,0.00,5,0,19.00,3.96,2/18,ENG,O
G A Cope,Geoffrey Cope,23/02/1947,1977-1978,2,1,1,0,1,0.00,2,0,17.50,1.88,1/16,ENG,O
D G Cork,Dominic Cork,07/08/1971,1992-2002,32,21,180,0,31,10.00,41,0,33.37,4.63,3/27,ENG,O
N G Cowans,Norman Cowans,17/04/1961,1983-1985,23,8,13,0,4,2.60,23,0,39.70,4.27,3/44,ENG,O
C S Cowdrey,Christopher Cowdrey,20/10/1957,1985-1985,3,3,51,0,46,25.50,2,0,27.50,6.35,1/3,ENG,O
M C Cowdrey,Colin Cowdrey,24/12/1932,1971-1971,1,1,1,0,1*,1.00,0,0,-,-,,ENG,O
J M Cox*,Jordan Cox,21/10/2000,2024-2024,3,3,22,0,17*,7.33,0,0,-,-,,ENG,O
J P Crawley,John Crawley,21/09/1971,1994-1999,13,12,235,0,73*,21.36,0,0,-,-,,ENG,O
Z Crawley*,Zak Crawley,03/02/1998,2021-,8,8,199,0,58,28.43,0,0,-,-,,ENG,O
R D B Croft,Robert Croft,25/05/1970,1996-2001,50,36,345,0,32*,14.38,45,0,38.73,4.24,3/51,ENG,O
S M Curran*,Sam Curran,03/06/1998,2018-,35,27,597,0,95,24.88,33,2,41.70,6.23,5/48,ENG,O
T K Curran,Tom Curran,12/03/1995,2017-2021,28,17,303,0,47,37.88,34,3,37.94,5.92,5/35,ENG,O
J W M Dalrymple,James Dalrymple,21/01/1981,2006-2007,27,26,487,0,67*,19.48,14,0,47.57,4.76,2/5,ENG,O
S M Davies,Steven Davies,17/06/1986,2009-2011,8,8,244,0,87*,30.50,0,0,-,-,,ENG,O
L A Dawson*,Liam Dawson,01/03/1990,2016-,6,5,63,0,20*,12.60,5,0,56.80,6.45,2/70,ENG,O
P A J De Freitas,Phillip De Freitas,18/02/1966,1987-1997,103,66,690,0,67*,16.05,115,1,32.83,3.97,4/35,ENG,O
J L Denly,Joe Denly,16/03/1986,2009-2020,16,13,446,0,87*,34.31,1,0,101.00,5.94,1/24,ENG,O
M H Denness,Michael Denness,01/12/1940,1973-1975,12,11,264,0,66*,29.33,0,0,-,-,,ENG,O
J W Dernbach,Jade Dernbach,03/03/1986,2011-2013,24,8,19,0,5*,2.71,31,1,42.19,6.36,4/45,ENG,O
G R Dilley,Graham Dilley,18/05/1959,1979-1988,36,18,114,0,31,11.40,48,3,26.90,3.79,4/23,ENG,O
B L D'Oliveira,Basil D'Oliveira,04/10/1931,1971-1972,4,4,30,0,17*,10.00,3,0,46.67,4.12,1/19,ENG,O
P R Downton,Paul Downton,04/04/1957,1977-1988,28,20,242,0,44,16.13,0,0,-,-,,ENG,O
B M Duckett*,Ben Duckett,17/10/1994,2016-,22,22,1058,3,165*,50.38,0,0,-,-,,ENG,O
M A Ealham,Mark Ealham,27/08/1969,1996-2001,64,45,716,0,45*,17.46,67,3,32.79,4.08,5/15,ENG,O
P H Edmonds,Phillippe Edmonds,08/03/1951,1977-1987,29,18,116,0,20*,10.55,26,0,37.12,3.77,3/39,ENG,O
J H Edrich,John Edrich,21/06/1937,1971-1975,7,6,223,0,90*,37.17,0,0,-,-,,ENG,O
R M Ellison,Richard Ellison,21/09/1959,1984-1986,14,12,86,0,24*,10.75,12,0,42.50,4.40,3/42,ENG,O
J E Emburey,John Emburey,20/08/1952,1980-1993,61,45,501,0,34*,14.31,76,2,30.87,4.11,4/37,ENG,O
N H Fairbrother,Neil Fairbrother,09/09/1963,1987-1999,75,71,2092,1,113*,39.47,0,0,-,9.00,0/9,ENG,O
S T Finn,Steven Finn,04/04/1989,2011-2017,69,30,136,0,35*,8.00,102,6,29.37,5.06,5/33,ENG,O
M V Fleming,Matthew Fleming,12/12/1964,1997-1998,11,10,139,0,33*,15.44,17,1,25.53,4.98,4/45,ENG,O
K W R Fletcher,Keith Fletcher,20/05/1944,1971-1982,24,22,757,1,131*,39.84,0,0,-,-,,ENG,O
A Flintoff,Andrew Flintoff,06/12/1977,1999-2009,138,119,3293,3,123*,31.97,168,8,23.62,4.33,5/19,ENG,O
B T Foakes*,Ben Foakes,15/02/1993,2019-2019,1,1,61,0,61,0.00,0,0,-,-,,ENG,O
J S Foster,James Foster,15/04/1980,2001-2002,11,6,41,0,13*,13.67,0,0,-,-,,ENG,O
N A Foster,Neil Foster,06/05/1962,1984-1989,48,25,150,0,24*,11.54,59,0,31.12,4.19,3/20,ENG,O
G Fowler,Graeme Fowler,20/04/1957,1983-1986,26,26,744,0,81,31.00,0,0,-,-,,ENG,O
P J Franks,Paul Franks,03/02/1979,2000-2000,1,1,4,0,4*,4.00,0,0,-,5.33,0/48,ENG,O
A R C Fraser,Angus Fraser,08/08/1965,1989-1999,42,20,141,0,38,12.82,47,1,30.04,3.54,4/22,ENG,O
B N French,Bruce French,13/08/1959,1985-1988,13,8,34,0,9,6.80,0,0,-,-,,ENG,O
M W Gatting,Mike Gatting,06/06/1957,1977-1993,92,88,2095,1,115,29.51,10,0,33.60,5.14,3/32,ENG,O
N Gifford,Norman Gifford,30/03/1940,1985-1985,2,1,0,0,0*,0.00,4,1,12.50,2.50,4/23,ENG,O
A F Giles,Ashley Giles,19/03/1973,1997-2005,62,35,385,0,41*,17.50,55,1,37.62,4.35,5/57,ENG,O
G A Gooch,Graham Gooch,23/07/1953,1976-1995,125,122,4290,8,142*,36.98,36,0,42.11,4.40,3/19,ENG,O
D Gough,Darren Gough,18/09/1970,1994-2006,158,87,609,0,46,12.43,234,12,26.30,4.38,5/44,ENG,O
I J Gould,Ian Gould,19/08/1957,1983-1983,18,14,155,0,42*,12.92,0,0,-,-,,ENG,O
D I Gower,David Gower,01/04/1957,1978-1991,114,111,3170,7,158*,30.78,0,0,-,16.80,0/5,ENG,O
A P Grayson,Paul Grayson,31/03/1971,2000-2001,2,2,6,0,6*,3.00,3,0,20.00,4.00,3/40,ENG,O
L Gregory,Lewis Gregory,24/05/1992,2021-2021,3,2,117,0,77*,58.50,4,0,24.25,5.11,3/44,ENG,O
A W Greig,Tony Greig,06/10/1946,1972-1977,22,19,269,0,48*,16.81,19,1,32.58,4.05,4/45,ENG,O
H F Gurney,Harry Gurney,25/10/1986,2014-2014,10,6,15,0,6,7.50,11,1,39.27,5.70,4/55,ENG,O
S R Hain*,Samuel Hain,16/07/1995,2023-,2,2,106,0,89*,53.00,0,0,-,-,,ENG,O
A D Hales*,Alex Hales,03/01/1989,2014-2019,70,67,2419,6,171*,37.80,0,0,-,-,,ENG,O
J H Hampshire,John Hampshire,10/02/1941,1971-1972,3,3,48,0,25,24.00,0,0,-,-,,ENG,O
S J Harmison,Steve Harmison,23/10/1978,2002-2009,58,25,91,0,18,8.27,76,3,32.64,5.13,5/33,ENG,O
T W Hartley*,Tom Hartley,03/05/1999,2023-,2,1,12,0,12,0.00,0,0,-,4.80,0/48,ENG,O
F C Hayes,Frank Hayes,06/12/1946,1973-1975,6,6,128,0,52*,25.60,0,0,-,-,,ENG,O
D W Headley,Dean Headley,27/01/1970,1996-1999,13,6,22,0,10,11.00,11,0,47.27,5.25,2/38,ENG,O
E E Hemmings,Edward Hemmings,20/02/1949,1982-1991,33,12,30,0,8,5.00,37,1,34.97,4.43,4/52,ENG,O
M Hendrick,Mike Hendrick,22/10/1948,1973-1981,22,10,6,0,2,1.20,35,3,19.46,3.27,5/31,ENG,O
G A Hick,Graeme Hick,23/05/1966,1991-2001,120,118,3846,5,126,37.34,30,1,34.20,4.98,5/33,ENG,O
M J Hoggard,Matthew Hoggard,31/12/1976,2001-2006,26,6,17,0,7*,4.25,32,1,36.00,5.29,5/49,ENG,O
A J Hollioake,Adam Hollioake,05/09/1971,1996-1999,35,30,606,0,83,25.25,32,2,31.84,5.06,4/23,ENG,O
B C Hollioake,Ben Hollioake,11/11/1977,1997-2002,20,17,309,0,63*,20.60,8,0,66.50,4.97,2/37,ENG,O
G W Humpage,Geoffrey Humpage,24/04/1954,1981-1981,3,2,11,0,6*,5.50,0,0,-,-,,ENG,O
N Hussain,Nasser Hussain,28/03/1968,1989-2003,88,87,2332,1,115*,30.29,0,0,-,-,,ENG,O
A P Igglesden,Alan Igglesden,08/10/1964,1994-1994,4,3,20,0,18*,10.00,2,0,61.00,4.36,2/12,ENG,O
R Illingworth,Ray Illingworth,08/06/1932,1971-1973,3,2,5,0,4*,2.50,4,0,21.00,3.88,3/50,ENG,O
R K Illingworth,Richard Illingworth,23/08/1963,1991-1996,25,11,68,0,14*,11.33,30,0,35.30,4.23,3/33,ENG,O
R C Irani,Ronald Irani,26/10/1971,1996-2003,31,30,360,0,53*,14.40,24,2,41.21,4.63,5/26,ENG,O
R D Jackman,Robin Jackman,13/08/1945,1974-1983,15,9,54,0,14*,6.75,19,0,31.47,4.11,3/41,ENG,O
W G Jacks*,Will Jacks,21/11/1998,2023-,15,15,468,0,94*,31.20,5,0,45.00,5.77,3/22,ENG,O
J A Jameson,John Jameson,30/06/1941,1973-1975,3,3,60,0,28*,20.00,0,0,-,1.50,0/3,ENG,O
P W Jarvis,Paul Jarvis,29/06/1965,1988-1993,16,8,31,0,16,5.17,24,2,28.00,4.59,5/35,ENG,O
T E Jesty,Trevor Jesty,02/06/1948,1983-1983,10,10,127,0,52,21.17,1,0,93.00,5.17,1/23,ENG,O
R L Johnson,Richard Johnson,29/12/1974,2003-2003,10,4,16,0,10*,5.33,11,0,21.73,3.57,3/22,ENG,O
G O Jones,Geraint Jones,14/07/1976,2004-2006,49,41,815,0,80*,24.70,0,0,-,-,,ENG,O
S P Jones,Simon Jones,25/12/1978,2004-2005,8,1,1,0,1*,1.00,7,0,39.29,4.74,2/43,ENG,O
C J Jordan*,Chris Jordan,04/10/1988,2013-,35,24,184,0,38,12.27,46,1,36.04,6.01,5/29,ENG,O
E C Joyce,Ed Joyce,22/09/1978,2006-2007,17,17,471,1,107*,27.71,0,0,-,-,,ENG,O
Kabir Ali,Kabir Ali,24/11/1980,2003-2006,14,9,93,0,39,15.50,20,1,34.10,6.08,4/45,ENG,O
R W T Key,Robert Key,12/05/1979,2003-2004,5,5,54,0,19*,10.80,0,0,-,-,,ENG,O
C Kieswetter,Craig Kieswetter,28/11/1987,2010-2013,46,40,1054,1,107*,30.11,0,0,-,-,,ENG,O
R J Kirtley,Robert Kirtley,10/11/1975,2001-2004,11,2,2,0,1*,1.00,9,0,53.44,5.26,2/33,ENG,O
N V Knight,Nicholas Knight,28/11/1969,1996-2003,100,100,3637,5,125,40.41,0,0,-,-,,ENG,O
A P E Knott,Alan Knott,09/04/1946,1971-1977,20,14,200,0,50*,20.00,0,0,-,-,,ENG,O
A J Lamb,Allan Lamb,20/06/1954,1982-1992,122,118,4010,4,118*,39.31,0,0,-,3.00,0/3,ENG,O
W Larkins,Wayne Larkins,22/11/1953,1979-1991,25,24,591,1,124*,24.63,0,0,-,8.80,0/1,ENG,O
D V Lawrence,David Lawrence,28/01/1964,1991-1991,1,0,0,0,0*,0.00,4,1,16.75,6.09,4/67,ENG,O
J K Lever,John Lever,24/02/1949,1976-1982,22,11,56,0,27,8.00,24,1,29.71,3.71,4/29,ENG,O
P Lever,Peter Lever,17/09/1940,1971-1975,10,3,17,0,8,17.00,11,1,23.73,3.56,4/35,ENG,O
C C Lewis,Chris Lewis,14/02/1968,1990-1998,53,40,374,0,33*,14.38,66,4,29.42,4.44,4/30,ENG,O
J Lewis,Johnathan Lewis,26/08/1975,2005-2007,13,8,50,0,17*,8.33,18,1,27.78,4.19,4/36,ENG,O
L S Livingstone*,Liam Livingstone,04/08/1993,2021-,39,36,932,1,124,31.07,25,0,39.28,6.09,3/16,ENG,O
D Lloyd,David Lloyd,18/03/1947,1973-1980,8,8,285,1,116,40.71,1,0,3.00,1.50,1/3,ENG,O
G D Lloyd,Graham Lloyd,01/07/1969,1996-1998,6,5,39,0,22*,9.75,0,0,-,-,,ENG,O
T A Lloyd,Timothy Lloyd,05/11/1956,1984-1984,3,3,101,0,49*,33.67,0,0,-,-,,ENG,O
A G R Loudon,Alexander Loudon,06/09/1980,2006-2006,1,1,0,0,0*,0.00,0,0,-,6.00,0/36,ENG,O
J D Love,James Love,22/04/1955,1981-1981,3,3,61,0,43*,20.33,0,0,-,-,,ENG,O
M B Loye,Malachy Loye,27/09/1972,2007-2007,7,7,142,0,45*,20.29,0,0,-,-,,ENG,O
B W Luckhurst,Brian Luckhurst,05/02/1939,1975-1975,3,3,15,0,14*,5.00,0,0,-,-,,ENG,O
M J Lumb,Michael Lumb,12/02/1980,2014-2014,3,3,165,1,106*,55.00,0,0,-,-,,ENG,O
M A Lynch,Monte Lynch,21/05/1958,1988-1988,3,3,8,0,6*,2.67,0,0,-,-,,ENG,O
D L Maddy,Darren Maddy,23/05/1974,1998-2000,8,6,113,0,53*,18.83,0,0,-,-,,ENG,O
S Mahmood*,Saqib Mahmood,25/02/1997,2020-,13,6,29,0,12*,9.67,17,1,32.82,5.29,4/42,ENG,O
S I Mahmood,Sajid Mahmood,21/12/1981,2004-2009,26,15,85,0,22,7.73,30,1,38.97,5.86,4/50,ENG,O
D J Malan*,Dawid Malan,03/09/1987,2019-,30,30,1450,6,140*,55.77,1,0,17.00,6.80,1/5,ENG,O
D E Malcolm,Devon Malcolm,22/02/1963,1990-1994,10,5,9,0,4*,3.00,16,0,25.25,4.61,3/40,ENG,O
V J Marks,Victor Marks,25/06/1955,1980-1988,34,24,285,0,44*,13.57,44,2,25.80,3.74,5/20,ENG,O
P J Martin,Peter Martin,15/11/1968,1995-1998,20,13,38,0,6*,6.33,27,1,29.85,4.61,4/44,ENG,O
A D Mascarenhas,Dimitri Mascarenhas,30/10/1977,2007-2009,20,13,245,0,52*,22.27,13,0,48.77,4.63,3/23,ENG,O
M P Maynard,Matthew Maynard,21/03/1966,1994-2000,14,12,156,0,41*,14.18,0,0,-,-,,ENG,O
A McGrath,Anthony McGrath,06/10/1975,2003-2004,14,12,166,0,52*,16.60,4,0,43.75,4.61,1/13,ENG,O
S C Meaker,Stuart Meaker,21/01/1989,2011-2011,2,2,2,0,1*,1.00,2,0,55.00,5.79,1/45,ENG,O
G Miller,Geoff Miller,08/09/1952,1977-1984,25,18,136,0,46*,8.50,25,0,32.52,3.85,3/27,ENG,O
Moeen Ali*,Moeen Ali,18/06/1987,2014-,138,112,2355,3,128*,24.28,111,2,47.85,5.32,4/46,ENG,O
E J G Morgan,Eoin Morgan,10/09/1986,2009-2022,225,207,6957,13,148*,39.75,0,0,-,-,,ENG,O
J E Morris,John Morris,01/04/1964,1990-1991,8,8,167,0,63,23.86,0,0,-,-,,ENG,O
D R Mousley*,Dan Mousley,08/07/2001,2024-,3,3,69,0,57*,34.50,0,0,-,8.50,0/17,ENG,O
M D Moxon,Martyn Moxon,04/05/1960,1985-1988,8,8,174,0,70*,21.75,0,0,-,-,,ENG,O
A D Mullally,Alan Mullally,12/07/1969,1996-2001,50,25,86,0,20*,5.73,63,2,27.43,3.84,4/18,ENG,O
P Mustard,Philip Mustard,08/10/1982,2007-2008,10,10,233,0,83*,23.30,0,0,-,-,,ENG,O
P A Nixon,Paul Nixon,21/10/1970,2007-2007,19,18,297,0,49*,21.21,0,0,-,-,,ENG,O
C M Old,Chris Old,22/12/1948,1973-1981,32,25,338,0,51,18.78,45,2,22.20,3.42,4/8,ENG,O
G Onions,Graham Onions,09/09/1982,2009-2009,4,1,1,0,1*,1.00,4,0,46.25,5.44,2/58,ENG,O
C Overton*,Craig Overton,10/04/1994,2018-,7,5,68,0,32*,22.67,5,0,58.20,5.67,2/23,ENG,O
J Overton*,Jamie Overton,10/04/1994,2024-2025,5,5,81,0,32*,16.20,4,0,37.50,6.25,2/27,ENG,O
M S Panesar,Monty Panesar,25/04/1982,2007-2007,26,8,26,0,13*,5.20,24,0,40.83,4.50,3/25,ENG,O
M W Parkinson*,Matt Parkinson,24/10/1996,2020-2021,5,1,7,0,7,0.00,5,0,40.60,5.86,2/28,ENG,O
S D Parry,Stephen Parry,12/01/1986,2014-2014,2,0,0,0,0*,0.00,4,0,23.00,4.84,3/32,ENG,O
S R Patel,Samit Patel,30/11/1984,2008-2013,36,22,482,0,70,32.13,24,1,45.46,5.51,5/41,ENG,O
D A Payne*,David Payne,15/02/1991,2022-,1,0,0,0,0*,0.00,1,0,38.00,4.22,1/38,ENG,O
K P Pietersen,Kevin Pietersen,27/06/1980,2004-2013,134,123,4422,9,130*,41.33,7,0,52.86,5.55,2/22,ENG,O
L E Plunkett,Liam Plunkett,06/04/1985,2005-2019,89,50,646,0,56*,20.84,135,7,29.70,5.82,5/52,ENG,O
P I Pocock,Patrick Pocock,24/09/1946,1985-1985,1,1,4,0,4*,4.00,0,0,-,2.00,0/20,ENG,O
M J Potts*,Matthew Potts,29/10/1998,2022-,9,6,45,0,15,45.00,10,1,29.30,5.86,4/38,ENG,O
D R Pringle,Derek Pringle,18/09/1958,1982-1993,44,30,425,0,49,23.61,44,1,38.11,4.23,4/42,ENG,O
M J Prior,Matthew Prior,26/02/1982,2004-2011,68,62,1282,0,87*,24.19,0,0,-,-,,ENG,O
N V Radford,Neal Radford,07/06/1957,1988-1988,6,3,0,0,0,0.00,2,0,115.00,3.97,1/32,ENG,O
C T Radley,Clive Radley,13/05/1944,1978-1978,4,4,250,1,117,83.33,0,0,-,-,,ENG,O
M R Ramprakash,Mark Ramprakash,05/09/1969,1991-2001,18,18,376,0,51*,26.86,4,0,27.00,4.91,3/28,ENG,O
D W Randall,Derek Randall,24/02/1951,1976-1985,49,45,1067,0,88*,26.68,1,0,2.00,6.00,1/2,ENG,O
W B Rankin,Boyd Rankin,05/07/1984,2013-2014,7,2,5,0,4*,5.00,10,1,24.10,4.53,4/46,ENG,O
A U Rashid*,Adil Rashid,17/02/1988,2009-,149,79,934,0,69*,17.30,215,11,32.83,5.63,5/27,ENG,O
C M W Read,Chris Read,10/08/1978,2000-2006,36,24,300,0,30,17.65,0,0,-,-,,ENG,O
D A Reeve,Dermot Reeve,02/04/1963,1991-1996,29,21,291,0,35*,24.25,20,0,41.00,4.29,3/20,ENG,O
Rehan Ahmed*,Rehan Ahmed,13/08/2004,2023-,6,4,35,0,15*,8.75,10,1,23.30,4.96,4/54,ENG,O
S J Rhodes,Steven Rhodes,17/06/1964,1989-1995,9,8,107,0,56*,17.83,0,0,-,-,,ENG,O
C J Richards,Jack Richards,10/08/1958,1981-1988,22,16,154,0,50*,11.85,0,0,-,-,,ENG,O
R T Robinson,Tim Robinson,21/11/1958,1984-1988,26,26,597,0,83*,22.96,0,0,-,-,,ENG,O
T S Roland-Jones,Toby Roland-Jones,29/01/1988,2017-2017,1,1,37,0,37,0.00,1,0,34.00,4.86,1/34,ENG,O
G R J Roope,Graham Roope,12/07/1946,1973-1978,8,8,173,0,44*,21.63,0,0,-,-,,ENG,O
J E Root*,Joe Root,30/12/1990,2013-,177,166,6859,17,133,47.97,28,0,61.86,5.92,3/52,ENG,O
B C Rose,Brian Rose,04/06/1950,1977-1977,2,2,99,0,54*,49.50,0,0,-,-,,ENG,O
J J Roy*,Jason Roy,21/07/1990,2015-,116,110,4271,12,180*,39.92,0,0,-,-,,ENG,O
R C Russell,Jack Russell,15/08/1963,1987-1998,40,31,423,0,50*,17.63,0,0,-,-,,ENG,O
I D K Salisbury,Ian Salisbury,21/01/1970,1993-1994,4,2,7,0,5*,7.00,5,0,35.40,5.71,3/41,ENG,O
P D Salt*,Phil Salt,28/08/1996,2021-,33,31,988,1,122*,31.87,0,0,-,-,,ENG,O
G L S Scrimshaw*,George Scrimshaw,10/02/1998,2023-,2,0,0,0,0*,0.00,3,0,22.00,7.62,3/66,ENG,O
O A Shah,Owais Shah,22/10/1978,2001-2009,71,66,1834,1,107,30.57,7,0,26.29,5.72,3/15,ENG,O
K Shuttleworth,Kenneth Shuttleworth,13/11/1944,1971-1971,1,1,7,0,7*,7.00,1,0,29.00,3.11,1/29,ENG,O
R J Sidebottom,Ryan Sidebottom,15/01/1978,2001-2010,25,18,133,0,24*,13.30,29,0,35.83,4.88,3/19,ENG,O
C E W Silverwood,Christopher Silverwood,05/03/1975,1996-2001,7,4,17,0,12*,4.25,6,0,40.67,4.78,3/43,ENG,O
J A Simpson,John Simpson,13/07/1988,2021-2021,3,2,20,0,17*,10.00,0,0,-,-,,ENG,O
W N Slack,Wilfred Slack,12/12/1954,1986-1986,2,2,43,0,34*,21.50,0,0,-,-,,ENG,O
G C Small,Gladstone Small,18/10/1961,1987-1992,53,24,98,0,18,6.53,58,1,33.48,4.17,4/31,ENG,O
C L Smith,Christopher Smith,15/10/1958,1984-1984,4,4,109,0,70*,27.25,2,0,14.00,4.67,2/8,ENG,O
D M Smith,David Smith,09/01/1956,1986-1990,2,2,15,0,10,15.00,0,0,-,-,,ENG,O
J L Smith*,Jamie Smith,12/07/2000,2023-,10,9,157,0,49*,17.44,0,0,-,-,,ENG,O
M J Smith,Michael Smith,04/01/1942,1973-1974,5,5,70,0,31*,14.00,0,0,-,-,,ENG,O
N M K Smith,Neil Smith,27/07/1967,1996-1996,7,6,100,0,31*,20.00,6,0,31.67,4.37,3/29,ENG,O
R A Smith,Robin Smith,13/09/1963,1988-1996,71,70,2419,4,167,39.02,0,0,-,-,,ENG,O
J N Snape,Jeremy Snape,27/04/1973,2001-2002,10,7,118,0,38*,29.50,13,0,31.00,4.57,3/43,ENG,O
J A Snow,John Snow,13/10/1941,1971-1975,9,4,9,0,5,4.50,14,2,16.57,2.59,4/11,ENG,O
V S Solanki,Vikram Solanki,01/04/1976,2000-2006,51,46,1097,2,106*,26.76,1,0,105.00,5.68,1/17,ENG,O
D S Steele,David Steele,29/09/1941,1976-1976,1,1,8,0,8*,8.00,0,0,-,9.00,0/9,ENG,O
G B Stevenson,Graham Stevenson,16/12/1955,1980-1981,4,4,43,0,28,43.00,7,1,17.86,3.91,4/33,ENG,O
A J Stewart,Alec Stewart,08/04/1963,1989-2003,170,162,4677,4,116*,31.60,0,0,-,-,,ENG,O
B A Stokes*,Ben Stokes,04/06/1991,2011-,114,99,3463,5,182*,41.23,74,2,42.39,6.05,5/61,ENG,O
O P Stone*,Olly Stone,09/10/1993,2018-,10,6,24,0,9,8.00,9,1,44.33,6.08,4/85,ENG,O
A J Strauss,Andrew Strauss,02/03/1977,2003-2011,127,125,4205,6,158*,35.64,0,0,-,3.00,0/3,ENG,O
G P Swann,Graeme Swann,24/03/1979,2000-2013,79,48,500,0,34*,13.89,104,4,27.77,4.55,5/28,ENG,O
C J Tavare,Chris Tavare,27/10/1954,1980-1984,29,28,720,0,83,27.69,0,0,-,1.50,0/3,ENG,O
J P Taylor,Jonathan Taylor,08/08/1964,1993-1993,1,1,1,0,1*,1.00,0,0,-,6.67,0/20,ENG,O
J W A Taylor,James Taylor,06/01/1990,2011-2015,27,26,887,1,101*,42.24,0,0,-,-,,ENG,O
L B Taylor,Leslie Taylor,25/10/1953,1986-1986,2,1,1,0,1,0.00,0,0,-,3.36,0/17,ENG,O
R W Taylor,Robert Taylor,17/07/1941,1973-1984,27,17,130,0,26,13.00,0,0,-,-,,ENG,O
J G Thomas,John Thomas,12/08/1960,1986-1987,3,3,1,0,1,1.00,3,0,48.00,5.54,2/59,ENG,O
G P Thorpe,Graham Thorpe,01/08/1969,1993-2002,82,77,2380,0,89*,37.19,2,0,48.50,4.85,2/15,ENG,O
F J Titmus,Fred Titmus,24/11/1932,1975-1975,2,1,11,0,11*,11.00,3,0,17.67,5.68,3/53,ENG,O
R W Tolchard,Roger Tolchard,15/06/1946,1979-1979,1,0,0,0,0*,0.00,0,0,-,-,,ENG,O
R J W Topley*,Reece Topley,21/02/1994,2015-,30,14,35,0,15,11.67,47,3,26.74,5.42,6/24,ENG,O
J C Tredwell,James Tredwell,27/02/1982,2010-2015,45,25,163,0,30*,11.64,60,3,27.77,4.75,4/41,ENG,O
C T Tremlett,Christopher Tremlett,02/09/1981,2005-2011,15,11,50,0,19,7.14,15,1,47.00,5.40,4/32,ENG,O
M E Trescothick,Marcus Trescothick,25/12/1975,2000-2006,123,122,4335,12,137*,37.37,4,0,54.75,5.66,2/7,ENG,O
I J L Trott,Jonathan Trott,22/04/1981,2009-2013,68,65,2819,4,137*,51.25,2,0,83.00,5.44,2/31,ENG,O
J O Troughton,Jamie Troughton,02/03/1979,2003-2003,6,5,36,0,20*,9.00,0,0,-,-,,ENG,O
A J Tudor,Alex Tudor,23/10/1977,2002-2002,3,2,9,0,6*,9.00,4,0,34.00,6.43,2/30,ENG,O
P C R Tufnell,Phil Tufnell,29/04/1966,1990-1997,20,10,15,0,5,15.00,19,1,36.79,4.11,4/22,ENG,O
J A Turner*,John Turner,10/04/2001,2024-,2,1,2,0,2,0.00,2,0,34.00,6.18,2/42,ENG,O
S D Udal,Shaun Udal,18/03/1969,1994-2005,11,7,35,0,11,11.67,9,0,44.44,3.92,2/37,ENG,O
D L Underwood,Derek Underwood,08/06/1945,1973-1982,26,13,53,0,17*,5.89,32,1,22.94,3.45,4/44,ENG,O
M P Vaughan,Michael Vaughan,29/10/1974,2001-2007,86,83,1982,0,90,27.15,16,1,40.56,4.89,4/22,ENG,O
J M Vince*,James Vince,14/03/1991,2015-,25,22,616,1,102*,28.00,1,0,38.00,5.43,1/18,ENG,O
S L Watkin,Steven Watkin,15/09/1964,1994-1994,4,2,4,0,4*,2.00,7,1,27.57,5.24,4/49,ENG,O
M Watkinson,Michael Watkinson,01/08/1961,1996-1996,1,0,0,0,0*,0.00,0,0,-,4.78,0/43,ENG,O
A P Wells,Alan Wells,02/10/1961,1995-1995,1,1,15,0,15*,15.00,0,0,-,-,,ENG,O
C M Wells,Colin Wells,03/03/1960,1985-1985,2,2,22,0,17*,11.00,0,0,-,-,,ENG,O
V J Wells,Vincent Wells,06/08/1965,1999-1999,9,7,141,0,39*,20.14,8,0,23.63,5.15,3/30,ENG,O
A G Wharf,Alexander Wharf,04/06/1975,2004-2005,13,5,19,0,9*,9.50,18,1,23.78,4.40,4/24,ENG,O
J J Whitaker,John Whitaker,05/05/1962,1987-1987,2,2,48,0,44,48.00,0,0,-,-,,ENG,O
C White,Craig White,16/12/1969,1994-2003,51,41,568,0,57,15.78,65,2,26.55,4.38,5/21,ENG,O
D J Willey*,David Willey,28/02/1990,2015-,73,46,663,0,51*,24.56,100,5,29.77,5.52,5/30,ENG,O
P Willey,Peter Willey,06/12/1949,1977-1986,26,24,538,0,64*,23.39,13,0,50.69,3.84,3/33,ENG,O
R G D Willis,Bob Willis,30/05/1949,1973-1984,64,22,83,0,24*,10.38,80,4,24.60,3.28,4/11,ENG,O
C R Woakes*,Chris Woakes,02/03/1989,2011-,122,88,1524,0,95,23.81,173,14,30.02,5.43,6/45,ENG,O
B Wood,Barry Wood,26/12/1942,1972-1982,13,12,314,0,78,31.40,9,0,24.89,3.20,2/14,ENG,O
L Wood*,Luke Wood,02/08/1995,2022-,1,1,10,0,10*,10.00,0,0,-,5.90,0/59,ENG,O
M A Wood*,Mark Wood,11/01/1990,2015-,70,29,168,0,43,12.92,80,2,40.83,5.59,4/33,ENG,O
R A Woolmer,Robert Woolmer,14/05/1948,1972-1976,6,4,21,0,9*,5.25,9,0,28.89,4.86,3/33,ENG,O
L J Wright,Luke Wright,07/03/1985,2007-2014,50,39,707,0,52*,20.20,15,0,58.93,5.11,2/34,ENG,O
M H Yardy,Michael Yardy,27/11/1980,2006-2011,28,24,326,0,60,20.38,21,0,51.19,4.84,3/24,ENG,O
Total Players = 279,,,,,,,,,,,,,,,ENG,O
