Name,Known As,Born,Career,Matches,Inns,Runs,100s,HS,Bat Avg,Wkts,4W,Bowl Avg,E/R,Best,Country,Format
S A Abbott*,Sean Abbott,29/02/1992,2014-,20,7,25,0,12,5.00,26,1,20.96,8.91,4/31,AUS,W
A C Agar*,Ashton Agar,14/10/1993,2016-,49,29,279,0,29*,11.63,49,2,23.04,6.50,6/30,AUS,W
G J Bailey,George Bailey,07/09/1982,2012-2016,29,25,470,0,63*,26.11,0,0,-,-,,AUS,W
C T Bancroft,Cameron Bancroft,19/11/1992,2016-2016,1,1,0,0,0,0.00,0,0,-,-,,AUS,W
X C Bartlett*,Xavier Bartlett,17/12/1998,2024-,7,2,5,0,5*,2.50,11,0,14.73,6.85,3/13,AUS,W
J P Behrendorff*,Jason Behrendorff,20/04/1990,2017-,17,2,7,0,5*,7.00,18,1,24.61,8.36,4/21,AUS,W
T R Birt,Travis Birt,09/12/1981,2010-2012,4,3,31,0,17*,10.33,0,0,-,-,,AUS,W
S M Boland*,Scott Boland,11/04/1989,2016-2016,3,0,0,0,0*,0.00,3,0,30.00,8.18,3/26,AUS,W
D E Bollinger,Doug Bollinger,24/07/1981,2011-2014,9,2,1,0,1,0.00,9,0,27.67,7.11,1/22,AUS,W
C J Boyce,Cameron Boyce,27/07/1989,2014-2016,7,2,4,0,3*,4.00,8,0,19.00,6.61,2/10,AUS,W
N W Bracken,Nathan Bracken,12/09/1977,2006-2009,19,6,15,0,4,5.00,19,0,23.05,6.97,3/11,AUS,W
A T Carey*,Alex Carey,27/08/1991,2018-2021,38,26,233,0,37,11.10,0,0,-,-,,AUS,W
D T Christian,Dan Christian,04/05/1983,2010-2021,23,14,118,0,39*,14.75,13,0,30.62,8.56,3/27,AUS,W
S R Clark,Stuart Clark,28/09/1975,2006-2007,9,0,0,0,0*,0.00,13,1,18.23,6.58,4/20,AUS,W
M J Clarke,Michael Clarke,02/04/1981,2005-2010,34,28,488,0,67*,21.22,6,0,37.50,8.65,1/2,AUS,W
C Connolly*,Cooper Connolly,22/08/2003,2024-,2,0,0,0,0*,0.00,0,0,-,9.00,0/20,AUS,W
N M Coulter-Nile,Nathan Coulter-Nile,11/10/1987,2013-2019,28,15,150,0,34*,13.64,34,1,23.56,8.26,4/30,AUS,W
P J Cummins*,Pat Cummins,08/05/1993,2011-,57,27,158,0,28*,10.53,66,0,23.44,7.40,3/15,AUS,W
B C J Cutting,Ben Cutting,30/01/1987,2013-2014,4,3,35,0,29*,11.67,1,0,99.00,9.00,1/18,AUS,W
T H David*,Tim David,16/03/1996,2022-,40,34,643,0,64*,26.79,0,0,-,-,,AUS,W
X J Doherty,Xavier Doherty,22/11/1982,2012-2013,11,4,18,0,9,18.00,10,0,30.00,7.89,3/20,AUS,W
B R Dunk,Ben Dunk,11/03/1987,2014-2017,5,5,99,0,32*,19.80,0,0,-,-,,AUS,W
B J Dwarshuis*,Ben Dwarshuis,23/06/1994,2022-,3,3,1,0,1*,0.50,5,0,22.40,10.18,3/40,AUS,W
N Ellis*,Nathan Ellis,22/09/1994,2021-,20,6,18,0,11,6.00,32,1,16.91,7.66,4/28,AUS,W
J P Faulkner,James Faulkner,29/04/1990,2012-2017,24,18,159,0,41,14.45,36,1,19.00,7.97,5/27,AUS,W
Fawad Ahmed,Fawad Ahmed,05/02/1982,2013-2013,2,1,3,0,3,0.00,3,0,22.67,8.50,3/25,AUS,W
C J Ferguson,Callum Ferguson,21/11/1984,2009-2009,3,3,16,0,8*,5.33,0,0,-,-,,AUS,W
A J Finch*,Aaron Finch,17/11/1986,2011-,103,103,3120,2,172*,34.29,0,0,-,13.50,0/9,AUS,W
J Fraser-Mcgurk*,Jake Fraser-McGurk,11/04/2002,2024-,7,7,113,0,50*,16.14,0,0,-,-,,AUS,W
B Geeves,Brett Geeves,13/06/1982,2009-2009,1,0,0,0,0*,0.00,2,0,17.50,10.50,2/35,AUS,W
A C Gilchrist,Adam Gilchrist,14/11/1971,2005-2008,13,13,272,0,48*,22.67,0,0,-,-,,AUS,W
J N Gillespie,Jason Gillespie,19/04/1975,2005-2005,1,1,24,0,24*,24.00,1,0,49.00,12.25,1/49,AUS,W
C Green*,Cameron Green,03/06/1999,2022-,13,12,263,0,62,26.30,12,0,23.25,8.90,3/35,AUS,W
C J Green*,Chris Green,01/10/1993,2023-,1,1,2,0,2,0.00,0,0,-,9.00,0/36,AUS,W
B J Haddin,Brad Haddin,23/10/1977,2006-2014,34,29,402,0,47*,17.48,0,0,-,-,,AUS,W
P S P Handscomb*,Peter Handscomb,26/04/1991,2019-2019,2,2,33,0,20,33.00,0,0,-,-,,AUS,W
A M Hardie*,Aaron Hardie,07/01/1999,2023-,13,8,128,0,28*,21.33,10,0,25.00,8.33,3/21,AUS,W
R J Harris,Ryan Harris,11/10/1979,2010-2010,3,1,2,0,2,0.00,4,0,23.75,8.14,2/27,AUS,W
S M Harwood,Shane Harwood,01/03/1974,2007-2009,3,1,0,0,0,0.00,3,0,37.67,9.42,2/21,AUS,W
J W Hastings,John Hastings,04/11/1985,2010-2016,9,6,46,0,15*,11.50,7,0,35.29,7.97,3/14,AUS,W
N M Hauritz,Nathan Hauritz,18/10/1981,2009-2009,3,2,6,0,4*,3.00,2,0,23.50,6.41,1/20,AUS,W
M L Hayden,Matthew Hayden,29/10/1971,2005-2007,9,9,308,0,73,51.33,0,0,-,-,,AUS,W
J R Hazlewood*,Josh Hazlewood,08/01/1991,2013-,52,10,29,0,13,9.67,67,4,22.16,7.51,4/12,AUS,W
T M Head*,Travis Head,29/12/1993,2016-,38,37,1093,0,91*,33.12,1,0,56.00,9.33,1/16,AUS,W
M C Henriques,Moises Henriques,01/02/1987,2009-2021,24,21,355,0,62,20.88,7,0,27.86,8.48,3/22,AUS,W
B W Hilfenhaus,Ben Hilfenhaus,15/03/1983,2007-2012,7,3,2,0,2*,1.00,9,0,17.89,6.19,2/15,AUS,W
B J Hodge,Bradley Hodge,29/12/1974,2007-2014,15,11,183,0,36*,26.14,1,0,43.00,8.60,1/13,AUS,W
G B Hogg,Brad Hogg,06/02/1971,2006-2014,15,4,55,0,41*,13.75,7,0,53.29,7.61,2/31,AUS,W
J R Hopes,James Hopes,24/10/1978,2005-2010,12,7,105,0,30*,21.00,10,0,28.40,7.68,2/26,AUS,W
P J Hughes,Phillip Hughes,30/11/1988,2014-2014,1,1,6,0,6*,6.00,0,0,-,-,,AUS,W
D J Hussey,David Hussey,15/07/1977,2008-2012,39,36,756,0,88,22.91,19,0,20.63,6.52,3/25,AUS,W
M E K Hussey,Michael Hussey,27/05/1975,2005-2012,38,30,721,0,60,37.95,0,0,-,5.00,0/5,AUS,W
J P Inglis*,Josh Inglis,04/03/1995,2022-,29,28,706,2,110*,30.70,0,0,-,-,,AUS,W
M G Johnson,Mitchell Johnson,02/11/1981,2007-2013,30,17,109,0,28,10.90,38,0,20.97,7.29,3/15,AUS,W
S H Johnson*,Spencer Johnson,16/12/1995,2023-,8,1,0,0,0*,0.00,14,1,17.07,8.96,5/26,AUS,W
M S Kasprowicz,Michael Kasprowicz,10/02/1972,2005-2005,2,1,3,0,3,0.00,5,1,11.40,8.14,4/29,AUS,W
S M Katich,Simon Katich,21/08/1975,2005-2006,3,2,69,0,39*,34.50,0,0,-,-,,AUS,W
U T Khawaja*,Usman Khawaja,18/12/1986,2016-2016,9,9,241,0,58*,26.78,0,0,-,-,,AUS,W
M Klinger,Michael Klinger,04/07/1980,2017-2017,3,3,143,0,62*,47.67,0,0,-,-,,AUS,W
M Labuschagne*,Marnus Labuschagne,22/06/1994,2022-2022,1,1,2,0,2*,2.00,0,0,-,-,,AUS,W
B Laughlin,Ben Laughlin,03/10/1982,2009-2013,3,0,0,0,0*,0.00,2,0,59.00,9.97,1/32,AUS,W
B Lee,Brett Lee,08/11/1976,2005-2012,25,12,101,0,43,16.83,28,0,25.50,7.86,3/23,AUS,W
M L Lewis,Michael Lewis,29/06/1974,2006-2006,2,0,0,0,0*,0.00,4,0,12.25,6.53,2/18,AUS,W
C A Lynn,Chris Lynn,10/04/1990,2014-2018,18,16,291,0,44*,19.40,0,0,-,-,,AUS,W
N M Lyon*,Nathan Lyon,20/11/1987,2016-2018,2,1,4,0,4,0.00,1,0,48.00,9.60,1/33,AUS,W
N J Maddinson,Nicolas Maddinson,21/12/1991,2013-2018,6,4,45,0,34*,11.25,0,0,-,-,,AUS,W
M R Marsh*,Mitchell Marsh,20/10/1991,2011-,65,62,1629,0,92,31.94,17,0,22.76,7.74,3/24,AUS,W
S E Marsh,Shaun Marsh,09/07/1983,2008-2016,15,15,255,0,47,18.21,0,0,-,-,,AUS,W
D R Martyn,Damien Martyn,21/10/1971,2005-2006,4,4,120,0,96*,30.00,0,0,-,-,,AUS,W
G J Maxwell*,Glenn Maxwell,14/10/1988,2012-,116,106,2664,5,145,29.93,43,0,30.95,8.01,3/10,AUS,W
B R McDermott*,Ben McDermott,12/12/1994,2018-,25,23,342,0,54*,18.00,0,0,-,-,,AUS,W
G D McGrath,Glenn McGrath,09/02/1970,2005-2005,2,1,5,0,5*,5.00,5,0,15.80,9.88,3/31,AUS,W
C J McKay,Clinton McKay,22/02/1983,2010-2013,6,4,19,0,7*,9.50,4,0,45.75,8.07,2/24,AUS,W
R P Meredith*,Riley Meredith,21/06/1996,2021-,6,0,0,0,0*,0.00,9,0,24.67,9.72,3/48,AUS,W
J M Muirhead,James Muirhead,30/07/1993,2014-2014,5,2,4,0,3*,4.00,6,0,18.17,7.27,2/13,AUS,W
D P Nannes,Dirk Nannes,16/05/1976,2009-2010,15,4,16,0,12,16.00,27,1,14.93,7.60,4/18,AUS,W
P M Nevill,Peter Nevill,13/10/1985,2016-2016,9,5,25,0,10,25.00,0,0,-,-,,AUS,W
A A Noffke,Ashley Noffke,30/04/1977,2007-2008,2,1,0,0,0*,0.00,4,0,10.25,5.47,3/18,AUS,W
M J North,Marcus North,28/07/1979,2009-2009,1,1,20,0,20*,20.00,0,0,-,-,,AUS,W
S N J O'Keefe,Steve O'Keefe,09/12/1984,2010-2011,7,5,32,0,22*,6.40,6,0,24.83,7.84,3/29,AUS,W
T D Paine,Tim Paine,08/12/1984,2009-2017,10,7,47,0,21*,7.83,0,0,-,-,,AUS,W
J L Pattinson,James Pattinson,03/05/1990,2011-2012,4,2,5,0,5,0.00,3,0,34.67,8.00,2/17,AUS,W
J R Philippe*,Josh Philippe,01/06/1997,2021-,12,12,150,0,45*,12.50,0,0,-,-,,AUS,W
L A Pommersbach,Luke Pommersbach,28/09/1984,2007-2007,1,1,15,0,15*,15.00,0,0,-,-,,AUS,W
R T Ponting,Ricky Ponting,19/12/1974,2005-2009,17,16,401,0,98,28.64,0,0,-,-,,AUS,W
N J Reardon,Nathan Reardon,08/11/1984,2014-2014,2,1,4,0,4*,4.00,0,0,-,-,,AUS,W
J A Richardson*,Jhye Richardson,20/09/1996,2017-,18,8,45,0,11*,15.00,19,0,29.26,8.42,3/26,AUS,W
K W Richardson*,Kane Richardson,12/02/1991,2014-,36,7,17,0,9*,4.25,45,1,23.53,8.40,4/30,AUS,W
B J Rohrer,Ben Rohrer,26/03/1981,2013-2013,1,1,16,0,16*,16.00,0,0,-,-,,AUS,W
L Ronchi,Luke Ronchi,23/04/1981,2008-2009,3,2,47,0,36*,23.50,0,0,-,-,,AUS,W
D R Sams*,Daniel Sams,27/10/1992,2020-,10,7,106,0,41*,26.50,7,0,43.57,10.17,2/33,AUS,W
T Sangha*,Tanveer Sangha,26/11/2001,2023-,7,1,2,0,2,0.00,10,1,24.90,8.89,4/31,AUS,W
D J M Short,D'Arcy Short,09/08/1990,2018-2020,23,23,642,0,76*,30.57,3,0,50.33,7.95,1/13,AUS,W
M W Short*,Matthew Short,08/11/1995,2023-,14,13,293,0,66*,22.54,7,1,13.00,11.38,5/22,AUS,W
P M Siddle,Peter Siddle,25/11/1984,2009-2010,2,1,1,0,1,0.00,3,0,19.33,7.25,2/24,AUS,W
S P D Smith*,Steve Smith,02/06/1989,2010-,67,55,1094,0,90*,25.44,17,0,22.18,7.77,3/20,AUS,W
B Stanlake,Billy Stanlake,04/11/1994,2017-2019,19,2,9,0,7*,9.00,27,1,20.15,7.77,4/8,AUS,W
M A Starc*,Mitchell Starc,30/01/1990,2012-,65,21,98,0,14*,9.80,79,1,23.86,7.76,4/20,AUS,W
M P Stoinis*,Marcus Stoinis,16/08/1989,2015-,74,61,1245,0,78*,31.92,45,1,24.02,8.65,4/23,AUS,W
M J Swepson*,Mitchell Swepson,04/10/1993,2018-,8,5,32,0,14,0.00,11,0,18.55,8.16,3/12,AUS,W
A Symonds,Andrew Symonds,09/06/1975,2005-2009,14,11,337,0,85,48.14,8,0,34.63,8.98,2/14,AUS,W
S W Tait,Shaun Tait,22/02/1983,2007-2016,21,6,11,0,6*,2.75,28,0,21.04,7.39,3/13,AUS,W
A J Turner*,Ashton Turner,25/01/1993,2017-,19,14,110,0,24*,12.22,4,0,20.50,6.31,2/12,AUS,W
A J Tye,Andrew Tye,12/12/1986,2016-2021,32,15,83,0,20*,10.38,47,1,21.21,8.76,4/23,AUS,W
A C Voges,Adam Voges,04/10/1979,2007-2013,7,5,139,0,51*,46.33,2,0,2.50,2.50,2/5,AUS,W
M S Wade*,Matthew Wade,26/12/1987,2011-,92,68,1202,0,80*,26.13,0,0,-,-,,AUS,W
D A Warner,David Warner,27/10/1986,2009-2024,110,110,3277,1,100,33.44,0,0,-,-,,AUS,W
S R Watson,Shane Watson,17/06/1981,2006-2016,58,56,1462,1,124,29.24,48,1,24.73,7.66,4/15,AUS,W
C L White,Cameron White,18/08/1983,2007-2014,47,44,984,0,85,32.80,1,0,51.00,7.29,1/11,AUS,W
J D Wildermuth,Jack Wildermuth,01/09/1993,2018-2018,2,1,1,0,1,0.00,1,0,32.00,10.67,1/16,AUS,W
A Zampa*,Adam Zampa,31/03/1992,2016-,95,22,68,0,13,5.67,117,3,21.01,7.21,5/19,AUS,W
Total Players = 111,,,,,,,,,,,,,,,AUS,W
