Name,Known As,Born,Career,Matches,Inns,Runs,100s,HS,Bat Avg,Wkts,5W,Bowl Avg,E/R,Best,Country,Format
E L A'Beckett,Edward A'Beckett,11/08/1907,1928-1931,4,7,143,0,41*,20.43,3,0,105.67,1.79,1/41,AUS,T
A C Agar*,Ashton Agar,14/10/1993,2013-,5,7,195,0,98*,32.50,9,0,52.00,2.79,3/46,AUS,T
T M Alderman,Terry Alderman,12/06/1956,1981-1991,41,53,203,0,26,6.55,170,14,27.15,2.72,6/47,AUS,T
G Alexander,George Alexander,22/04/1851,1880-1884,2,4,52,0,33*,13.00,2,0,46.50,3.32,2/69,AUS,T
H H Alexander,Harry Alexander,09/06/1905,1933-1933,1,2,17,0,17,17.00,1,0,154.00,3.35,1/129,AUS,T
F E Allan,Francis Allan,02/12/1849,1879-1879,1,1,5,0,5*,5.00,4,0,20.00,2.67,2/30,AUS,T
P J Allan,Peter Allan,31/12/1935,1965-1965,1,0,0,0,0*,0.00,2,0,41.50,2.59,2/58,AUS,T
R C Allen,Reginald Allen,02/07/1858,1887-1887,1,2,44,0,30*,22.00,0,0,-,-,,AUS,T
T J E Andrews,Thomas Andrews,26/08/1890,1921-1926,16,23,592,0,94*,26.91,1,0,116.00,4.46,1/23,AUS,T
J Angel,Jo Angel,22/04/1968,1993-1995,4,7,35,0,11*,5.83,10,0,46.30,3.71,3/54,AUS,T
K A Archer,Ken Archer,17/01/1928,1950-1951,5,9,234,0,48*,26.00,0,0,-,-,,AUS,T
R G Archer,Ronald Archer,25/10/1933,1953-1956,19,30,713,1,128*,24.59,48,1,27.46,2.21,5/53,AUS,T
W W Armstrong,Warwick Armstrong,22/05/1879,1902-1921,50,84,2863,6,159,38.69,87,3,33.60,2.19,6/35,AUS,T
C L Badcock,Clayvel Badcock,10/04/1914,1936-1938,7,12,160,1,118*,14.55,0,0,-,-,,AUS,T
G J Bailey,George Bailey,07/09/1982,2013-2014,5,8,183,0,53*,26.14,0,0,-,-,,AUS,T
C T Bancroft,Cameron Bancroft,19/11/1992,2017-2019,10,18,446,0,82,26.24,0,0,-,-,,AUS,T
A C Bannerman,Alexander Bannerman,21/03/1854,1879-1893,28,50,1108,0,94*,23.08,4,0,40.75,3.35,3/111,AUS,T
C Bannerman,Charles Bannerman,23/07/1851,1877-1879,3,6,239,1,165,59.75,0,0,-,-,,AUS,T
W Bardsley,Warren Bardsley,06/12/1882,1909-1926,41,66,2469,6,193,40.48,0,0,-,-,,AUS,T
S G Barnes,Sidney Barnes,05/06/1916,1938-1948,13,19,1072,3,234*,63.06,4,0,54.50,2.20,2/25,AUS,T
B A Barnett,Benjamin Barnett,23/03/1908,1938-1938,4,8,195,0,57*,27.86,0,0,-,-,,AUS,T
J E Barrett,John Barrett,15/10/1866,1890-1890,2,4,80,0,67,26.67,0,0,-,-,,AUS,T
G R Beard,Graeme Beard,19/08/1950,1980-1980,3,5,114,0,49*,22.80,1,0,109.00,2.53,1/26,AUS,T
M A Beer,Michael Beer,09/06/1984,2011-2012,2,3,6,0,2,3.00,3,0,59.33,2.63,2/56,AUS,T
J Benaud,John Benaud,11/05/1944,1972-1973,3,5,223,1,142*,44.60,2,0,6.00,3.00,2/12,AUS,T
R Benaud,Richie Benaud,06/10/1930,1952-1964,63,97,2201,3,122*,24.46,248,16,27.03,2.11,7/72,AUS,T
M J Bennett,Murray Bennett,06/10/1956,1984-1985,3,5,71,0,23*,23.67,6,0,54.17,2.93,3/79,AUS,T
M G Bevan,Michael Bevan,08/05/1970,1994-1998,18,30,785,0,91*,29.07,29,1,24.24,3.28,6/82,AUS,T
A J Bichel,Andy Bichel,27/08/1970,1997-2003,19,22,355,0,71*,16.90,58,1,32.24,3.36,5/60,AUS,T
J M Bird,Jackson Bird,11/12/1986,2012-2017,9,9,43,0,19,14.33,34,1,30.65,3.23,5/59,AUS,T
J M Blackham,John Blackham,11/05/1854,1877-1894,35,62,800,0,74*,15.69,0,0,-,-,,AUS,T
D D J Blackie,Donald Blackie,05/04/1882,1928-1929,3,6,24,0,11,8.00,14,1,31.71,2.11,6/94,AUS,T
G S Blewett,Greg Blewett,29/10/1971,1995-2000,46,79,2552,4,214*,34.03,14,0,51.43,3.01,2/9,AUS,T
S M Boland*,Scott Boland,11/04/1989,2021-,13,15,77,0,20*,8.56,56,2,17.66,2.77,6/7,AUS,T
D E Bollinger,Doug Bollinger,24/07/1981,2009-2010,12,14,54,0,21*,7.71,50,2,25.92,3.24,5/28,AUS,T
G J Bonnor,George Bonnor,25/02/1855,1880-1888,17,30,512,1,128*,17.07,2,0,42.00,3.07,1/5,AUS,T
D C Boon,David Boon,29/12/1960,1984-1996,107,190,7422,21,200*,43.66,0,0,-,2.33,0/0,AUS,T
B C Booth,Brian Booth,19/10/1933,1961-1966,29,48,1773,5,169*,42.21,3,0,48.67,2.01,2/33,AUS,T
A R Border,Allan Border,27/07/1955,1978-1994,156,265,11174,27,205*,50.56,39,2,39.10,2.28,7/46,AUS,T
H F Boyle,Henry Boyle,10/12/1847,1879-1884,12,16,153,0,36,12.75,32,1,20.03,2.21,6/42,AUS,T
N W Bracken,Nathan Bracken,12/09/1977,2003-2005,5,6,70,0,37*,17.50,12,0,42.08,2.73,4/48,AUS,T
D G Bradman,Donald Bradman,27/08/1908,1928-1948,52,80,6996,29,334*,99.94,2,0,36.00,2.70,1/8,AUS,T
R J Bright,Raymond Bright,13/07/1954,1977-1986,25,39,445,0,33*,14.35,53,4,41.13,2.36,7/87,AUS,T
E H Bromley,Ernest Bromley,02/09/1912,1933-1934,2,4,38,0,26*,9.50,0,0,-,1.90,0/19,AUS,T
W A Brown,William Brown,31/07/1912,1934-1948,22,35,1592,4,206,46.82,0,0,-,-,,AUS,T
W Bruce,William Bruce,22/05/1864,1885-1895,14,26,702,0,80*,29.25,12,0,36.67,2.68,3/88,AUS,T
P J P Burge,Peter Burge,17/05/1932,1955-1966,42,68,2290,4,181*,38.17,0,0,-,-,,AUS,T
J W Burke,James Burke,12/06/1930,1951-1959,24,44,1280,3,189*,34.59,8,0,28.75,1.70,4/37,AUS,T
K E Burn,Kenneth Burn,17/09/1862,1890-1890,2,4,41,0,19*,10.25,0,0,-,-,,AUS,T
J A Burns*,Joe Burns,06/09/1989,2014-2020,23,40,1442,4,180*,36.97,0,0,-,-,,AUS,T
F J Burton,Frederick Burton,02/11/1865,1887-1888,2,4,4,0,2,2.00,0,0,-,-,,AUS,T
S T Callaway,Sydney Callaway,06/02/1868,1892-1895,3,6,87,0,41*,17.40,6,1,23.67,1.81,5/37,AUS,T
I W Callen,Ian Callen,02/05/1955,1978-1978,1,2,26,0,22,0.00,6,0,31.83,2.60,3/83,AUS,T
G D Campbell,Gegory Campbell,10/03/1964,1989-1990,4,4,10,0,6*,2.50,13,0,38.69,3.17,3/79,AUS,T
A T Carey*,Alex Carey,27/08/1991,2021-,39,57,1757,2,156*,35.14,0,0,-,-,,AUS,T
W Carkeek,William Carkeek,17/10/1878,1912-1912,6,5,16,0,6,5.33,0,0,-,-,,AUS,T
P H Carlson,Philip Carlson,08/08/1951,1979-1979,2,4,23,0,21*,5.75,2,0,49.50,1.61,2/41,AUS,T
H Carter,Hanson Carter,15/03/1878,1907-1921,28,47,873,0,72*,22.97,0,0,-,-,,AUS,T
H W R Cartwright,Hilton Cartwright,14/02/1992,2017-2017,2,2,55,0,37*,27.50,0,0,-,3.44,0/15,AUS,T
B Casson,Beau Casson,07/12/1982,2008-2008,1,1,10,0,10*,10.00,3,0,43.00,4.03,3/86,AUS,T
G S Chappell,Greg Chappell,07/08/1948,1970-1984,87,151,7110,24,247,53.86,47,1,40.70,2.15,5/61,AUS,T
I M Chappell,Ian Chappell,26/09/1943,1964-1980,75,136,5345,14,196*,42.42,20,0,65.80,2.75,2/21,AUS,T
T M Chappell,Trevor Chappell,21/10/1952,1981-1981,3,6,79,0,27*,15.80,0,0,-,-,,AUS,T
P C Charlton,Percie Charlton,09/04/1867,1890-1890,2,4,29,0,11*,7.25,3,0,8.00,3.20,3/18,AUS,T
A G Chipperfield,Arthur Chipperfield,17/11/1905,1934-1938,14,20,552,1,109*,32.47,5,0,87.40,2.84,3/91,AUS,T
S R Clark,Stuart Clark,28/09/1975,2006-2009,24,26,248,0,39*,13.05,94,2,23.86,2.62,5/32,AUS,T
W M Clark,Wayne Clark,17/09/1953,1977-1979,10,19,98,0,33*,5.76,44,0,28.75,2.72,4/46,AUS,T
M J Clarke,Michael Clarke,02/04/1981,2004-2015,115,198,8643,28,329,49.11,31,2,38.19,2.92,6/9,AUS,T
D J Colley,David Colley,15/03/1947,1972-1972,3,4,84,0,54*,21.00,6,0,52.00,2.57,3/83,AUS,T
H L Collins,Herbie Collins,21/01/1888,1920-1926,19,31,1352,4,203*,45.07,4,0,63.00,2.31,2/47,AUS,T
A Coningham,Arthur Coningham,14/07/1863,1894-1894,1,2,13,0,10*,6.50,2,0,38.00,2.45,2/17,AUS,T
A N Connolly,Alan Connolly,29/06/1939,1963-1971,29,45,260,0,37*,10.40,102,4,29.23,2.29,6/47,AUS,T
C Connolly*,Cooper Connolly,22/08/2003,2025-,1,1,4,0,4*,4.00,0,0,-,4.20,0/9,AUS,T
S H Cook,Simon Cook,29/01/1972,1997-1997,2,2,3,0,3,0.00,7,1,20.29,3.80,5/39,AUS,T
B B Cooper,Bransby Cooper,15/03/1844,1877-1877,1,2,18,0,15*,9.00,0,0,-,-,,AUS,T
W H Cooper,William Cooper,11/09/1849,1881-1884,2,3,13,0,7*,6.50,9,1,25.11,2.91,6/120,AUS,T
T A Copeland,Trent Copeland,14/03/1986,2011-2011,3,4,39,0,23,13.00,6,0,37.83,2.10,2/24,AUS,T
G E Corling,Grahame Corling,13/07/1941,1964-1964,5,4,5,0,3*,1.67,12,0,37.25,2.31,4/60,AUS,T
G J Cosier,Gary Cosier,25/04/1953,1975-1978,18,32,897,2,168*,28.94,5,0,68.20,2.28,2/26,AUS,T
J T Cottam,John Cottam,05/09/1867,1887-1887,1,2,4,0,3*,2.00,0,0,-,-,,AUS,T
A Cotter,Albert Cotter,03/12/1884,1904-1912,21,37,457,0,45*,13.06,89,7,28.64,3.30,7/148,AUS,T
G Coulthard,George Coulthard,01/08/1856,1882-1882,1,1,6,0,6,0.00,0,0,-,-,,AUS,T
E J M Cowan,Edward Cowan,16/06/1982,2011-2013,18,32,1001,1,136*,31.28,0,0,-,-,,AUS,T
R M Cowper,Robert Cowper,05/10/1940,1964-1968,27,46,2061,5,307*,46.84,36,0,31.64,2.27,4/48,AUS,T
I D Craig,Ian Craig,12/06/1935,1953-1958,11,18,358,0,53*,19.89,0,0,-,-,,AUS,T
W P A Crawford,William Crawford,03/08/1933,1956-1956,4,5,53,0,34*,17.67,7,0,15.29,1.47,3/28,AUS,T
D J Cullen,Daniel Cullen,10/04/1984,2006-2006,1,0,0,0,0*,0.00,1,0,54.00,3.86,1/25,AUS,T
P J Cummins*,Pat Cummins,08/05/1993,2011-,67,97,1454,0,64,17.31,294,13,22.44,2.91,6/23,AUS,T
A C Dale,Adam Dale,30/12/1968,1998-1999,2,3,6,0,5*,2.00,6,0,31.17,3.22,3/71,AUS,T
J Darling,Joseph Darling,21/11/1870,1894-1905,34,60,1657,3,178*,28.57,0,0,-,-,,AUS,T
L S Darling,Leonard Darling,14/08/1909,1933-1937,12,18,474,0,85*,27.88,0,0,-,2.41,0/3,AUS,T
W M Darling,Rick Darling,01/05/1957,1978-1979,14,27,697,0,91*,26.81,0,0,-,-,,AUS,T
A K Davidson,Alan Davidson,14/06/1929,1953-1963,44,61,1328,0,80*,24.59,186,14,20.53,1.98,7/93,AUS,T
I C Davis,Ian Davis,25/06/1953,1973-1977,15,27,692,1,105*,26.62,0,0,-,-,,AUS,T
S P Davis,Simon Davis,08/11/1959,1986-1986,1,1,0,0,0*,0.00,0,0,-,2.80,0/70,AUS,T
J H De Courcy,James De Courcy,18/04/1927,1953-1953,3,6,81,0,41*,16.20,0,0,-,-,,AUS,T
A R Dell,Anthony Dell,06/08/1947,1971-1973,2,2,6,0,3,0.00,6,0,26.67,1.72,3/65,AUS,T
A I C Dodemaide,Anthony Dodemaide,05/10/1963,1987-1992,10,15,202,0,50*,22.44,34,1,28.03,2.62,6/58,AUS,T
X J Doherty,Xavier Doherty,22/11/1982,2010-2013,4,7,51,0,18,12.75,7,0,78.29,3.58,3/131,AUS,T
H Donnan,Henry Donnan,12/11/1864,1892-1896,5,10,75,0,15*,8.33,0,0,-,2.44,0/22,AUS,T
A J Doolan,Alexander Doolan,29/11/1985,2014-2014,4,8,191,0,89*,23.88,0,0,-,-,,AUS,T
B Dooland,Bruce Dooland,01/11/1923,1947-1948,3,5,76,0,29*,19.00,9,0,46.56,2.86,4/69,AUS,T
R A Duff,Reginald Duff,17/08/1878,1902-1905,22,40,1317,2,146*,35.59,4,0,21.25,2.83,2/43,AUS,T
J R F Duncan,Ross Duncan,25/03/1944,1971-1971,1,1,3,0,3*,3.00,0,0,-,1.61,0/30,AUS,T
G C Dyer,Gregory Dyer,16/03/1959,1986-1988,6,6,131,0,60*,21.83,0,0,-,-,,AUS,T
G Dymock,Geoffrey Dymock,21/07/1945,1974-1980,21,32,236,0,31,9.44,78,5,27.13,2.29,7/67,AUS,T
J Dyson,John Dyson,11/06/1954,1977-1984,30,58,1359,2,127,26.65,0,0,-,-,,AUS,T
C J Eady,Charles Eady,29/10/1870,1896-1902,2,4,20,0,10,6.67,7,0,16.00,3.01,3/30,AUS,T
K H Eastwood,Ken Eastwood,23/11/1935,1971-1971,1,2,5,0,5*,2.50,1,0,21.00,3.15,1/21,AUS,T
H I Ebelling,Hans Ebelling,01/06/1905,1934-1934,1,2,43,0,41*,21.50,3,0,29.67,2.87,3/74,AUS,T
J D Edwards,John Edwards,12/06/1862,1888-1888,3,6,48,0,26*,9.60,0,0,-,-,,AUS,T
R Edwards,Ross Edwards,01/12/1942,1972-1975,20,32,1171,2,170,40.38,0,0,-,10.00,0/20,AUS,T
W J Edwards,Walter Edwards,23/12/1949,1974-1974,3,6,68,0,30*,11.33,0,0,-,-,,AUS,T
M T G Elliott,Matthew Elliott,28/09/1971,1996-2004,21,36,1172,3,199*,33.49,0,0,-,2.00,0/0,AUS,T
P A Emery,Philip Emery,25/06/1964,1994-1994,1,1,8,0,8,0.00,0,0,-,-,,AUS,T
S H Emery,Sidney Emery,16/10/1885,1912-1912,4,2,6,0,5*,3.00,5,0,49.80,3.23,2/46,AUS,T
E Evans,Edwin Evans,26/03/1849,1881-1886,6,10,82,0,33*,10.25,7,0,47.43,1.60,3/64,AUS,T
A G Fairfax,Alan Fairfax,16/01/1906,1929-1931,10,12,410,0,65*,51.25,21,0,30.71,2.55,4/31,AUS,T
J P Faulkner,James Faulkner,29/04/1990,2013-2013,1,2,45,0,23*,22.50,6,0,16.33,3.54,4/51,AUS,T
L E Favell,Leslie Favell,06/10/1929,1954-1961,19,31,757,1,101*,27.04,0,0,-,-,,AUS,T
C J Ferguson,Callum Ferguson,21/11/1984,2016-2016,1,2,4,0,3*,2.00,0,0,-,-,,AUS,T
J J Ferris,John Ferris,21/05/1867,1887-1890,8,16,98,0,20,8.17,48,4,14.25,2.02,5/26,AUS,T
A J Finch*,Aaron Finch,17/11/1986,2018-2018,5,10,278,0,62*,27.80,0,0,-,4.00,0/8,AUS,T
J H Fingleton,John Fingleton,28/04/1908,1932-1938,18,29,1189,5,136*,42.46,0,0,-,-,,AUS,T
L O Fleetwood-Smith,Leslie Fleetwood-Smith,30/03/1910,1935-1938,10,11,54,0,16,9.00,42,2,37.38,3.05,6/110,AUS,T
D W Fleming,Damien Fleming,24/04/1970,1994-2001,20,19,305,0,71,19.06,75,3,25.89,2.82,5/30,AUS,T
B C Francis,Bruce Francis,18/02/1948,1972-1972,3,5,52,0,27*,10.40,0,0,-,-,,AUS,T
E W Freeman,Eric Freeman,13/07/1944,1968-1970,11,18,345,0,76*,19.17,34,0,33.18,3.10,4/52,AUS,T
F W Freer,Frederick Freer,04/12/1915,1946-1946,1,1,28,0,28,0.00,3,0,24.67,2.78,2/49,AUS,T
J B Gannon,John Gannon,08/02/1947,1977-1978,3,5,3,0,3,3.00,11,0,32.82,2.98,4/77,AUS,T
T W Garrett,Thomas Garrett,26/07/1858,1877-1888,19,33,339,0,51,12.56,36,2,26.94,2.13,6/78,AUS,T
R A Gaunt,Ronald Gaunt,26/02/1934,1958-1964,3,4,6,0,3*,3.00,7,0,44.29,2.60,3/53,AUS,T
D R A Gehrs,Donald Gehrs,29/11/1880,1904-1911,6,11,221,0,67*,20.09,0,0,-,4.00,0/4,AUS,T
P R George,Peter George,16/10/1986,2010-2010,1,2,2,0,2*,1.00,2,0,38.50,2.75,2/48,AUS,T
G Giffen,George Giffen,27/03/1859,1881-1896,31,53,1238,1,161*,23.36,103,7,27.10,2.62,7/117,AUS,T
W F Giffen,Walter Giffen,20/09/1861,1887-1892,3,6,11,0,3*,1.83,0,0,-,-,,AUS,T
D R Gilbert,David Gilbert,29/12/1960,1985-1986,9,12,57,0,15*,7.13,16,0,52.69,3.07,3/48,AUS,T
A C Gilchrist,Adam Gilchrist,14/11/1971,1999-2008,96,137,5570,17,204,47.61,0,0,-,-,,AUS,T
J N Gillespie,Jason Gillespie,19/04/1975,1996-2006,71,93,1218,1,201,18.74,259,8,26.14,2.85,7/37,AUS,T
G J Gilmour,Gary Gilmour,26/06/1951,1973-1977,15,22,483,1,101*,23.00,54,3,26.04,3.17,6/85,AUS,T
J W Gleeson,John Gleeson,14/03/1938,1967-1972,29,46,395,0,45*,10.39,93,3,36.20,2.28,5/61,AUS,T
H Graham,Henry Graham,22/11/1870,1893-1896,6,10,301,2,107*,30.10,0,0,-,-,,AUS,T
C Green*,Cameron Green,03/06/1999,2020-,28,43,1377,2,174,36.24,35,1,35.34,3.39,5/27,AUS,T
D W Gregory,David Gregory,15/04/1845,1877-1879,3,5,60,0,43*,20.00,0,0,-,2.70,0/9,AUS,T
E J Gregory,Edward Gregory,29/05/1839,1877-1877,1,2,11,0,11*,5.50,0,0,-,-,,AUS,T
J M Gregory,John Gregory,14/08/1895,1920-1928,24,34,1146,2,119*,36.97,85,4,31.15,2.85,7/69,AUS,T
R G Gregory,Ross Gregory,28/02/1916,1937-1937,2,3,153,0,80*,51.00,0,0,-,3.50,0/14,AUS,T
S E Gregory,Syd Gregory,14/04/1870,1890-1912,58,100,2282,4,201*,24.54,0,0,-,6.60,0/4,AUS,T
C V Grimmett,Clarence Grimmett,25/12/1891,1925-1936,37,50,557,0,50*,13.93,216,21,24.22,2.16,7/40,AUS,T
T U Groube,Thomas Groube,02/09/1857,1880-1880,1,2,11,0,11*,5.50,0,0,-,-,,AUS,T
A T W Grout,Wally Grout,30/03/1927,1957-1966,51,67,890,0,74*,15.08,0,0,-,-,,AUS,T
C E J Guest,Colin Guest,07/10/1937,1963-1963,1,1,11,0,11*,11.00,0,0,-,2.46,0/8,AUS,T
B J Haddin,Brad Haddin,23/10/1977,2008-2015,66,112,3266,4,169*,32.99,0,0,-,-,,AUS,T
R A Hamence,Ronald Hamence,25/11/1915,1947-1948,3,4,81,0,30,27.00,0,0,-,-,,AUS,T
J R Hammond,Jeffrey Hammond,19/04/1950,1973-1973,5,5,28,0,19*,9.33,15,0,32.53,2.84,4/38,AUS,T
P S P Handscomb*,Peter Handscomb,26/04/1991,2016-,20,35,1079,2,110*,37.21,0,0,-,-,,AUS,T
M S Harris,Marcus Harris,21/07/1992,2018-2022,14,26,607,0,79*,25.29,0,0,-,-,,AUS,T
R J Harris,Ryan Harris,11/10/1979,2010-2015,27,39,603,0,74*,21.54,113,5,23.52,2.78,7/117,AUS,T
J Harry,John Harry,01/08/1857,1895-1895,1,2,8,0,6*,4.00,0,0,-,-,,AUS,T
R  M Hartigan,Roger Hartigan,12/12/1879,1908-1908,2,4,170,1,116*,42.50,0,0,-,3.50,0/7,AUS,T
A E V Hartkopf,Albert Hartkopf,28/12/1889,1925-1925,1,2,80,0,80*,40.00,1,0,134.00,3.35,1/120,AUS,T
M R Harvey,Mervyn Harvey,29/04/1918,1947-1947,1,2,43,0,31*,21.50,0,0,-,-,,AUS,T
R N Harvey,Neil Harvey,08/10/1928,1948-1963,79,137,6149,21,205*,48.42,3,0,40.00,1.74,1/8,AUS,T
A L Hassett,Arthur Hassett,28/08/1913,1938-1953,43,69,3073,10,198,46.56,0,0,-,4.22,0/1,AUS,T
J W Hastings,John Hastings,04/11/1985,2012-2012,1,2,52,0,32*,26.00,1,0,153.00,3.92,1/51,AUS,T
N M Hauritz,Nathan Hauritz,18/10/1981,2004-2010,17,24,426,0,75*,25.06,63,2,34.98,3.15,5/53,AUS,T
N J N Hawke,Neil Hawke,27/06/1939,1963-1968,27,37,365,0,45,16.59,91,6,29.42,2.30,7/105,AUS,T
M L Hayden,Matthew Hayden,29/10/1971,1994-2009,103,184,8625,30,380*,50.74,0,0,-,4.44,0/7,AUS,T
J R Hazlewood*,Josh Hazlewood,08/01/1991,2014-,72,88,510,0,39*,11.86,279,12,24.58,2.78,6/67,AUS,T
G R Hazlitt,Gervys Hazlitt,04/09/1888,1907-1912,9,12,89,0,34,11.13,23,1,27.09,2.39,7/25,AUS,T
T M Head*,Travis Head,29/12/1993,2018-,56,93,3719,9,175*,42.75,15,0,34.33,3.61,4/10,AUS,T
I A Healy,Ian Healy,30/04/1964,1988-1999,119,182,4356,4,161,27.40,0,0,-,-,,AUS,T
H S T Hendry,Hunter Hendry,24/05/1895,1921-1929,11,18,335,1,112*,20.94,16,0,40.00,2.25,3/36,AUS,T
M C Henriques,Moises Henriques,01/02/1987,2013-2016,4,8,164,0,81,23.43,2,0,82.00,2.98,1/48,AUS,T
P A Hibbert,Paul Hibbert,23/07/1952,1977-1977,1,2,15,0,13*,7.50,0,0,-,-,,AUS,T
J D Higgs,James Higgs,11/07/1950,1978-1981,22,36,111,0,16*,5.55,66,2,31.17,2.60,7/143,AUS,T
A M J Hilditch,Andrew Hilditch,20/05/1956,1979-1985,18,34,1073,2,119*,31.56,0,0,-,-,,AUS,T
B W Hilfenhaus,Ben Hilfenhaus,15/03/1983,2009-2012,27,38,355,0,56,13.65,99,2,28.51,2.79,5/75,AUS,T
C Hill,Clement Hill,18/03/1877,1896-1912,49,89,3412,7,191*,39.22,0,0,-,-,,AUS,T
J C Hill,John Hill,25/06/1923,1953-1955,3,6,21,0,8,7.00,8,0,34.13,2.70,3/35,AUS,T
D E Hoare,Des Hoare,19/10/1934,1961-1961,1,2,35,0,35*,17.50,2,0,78.00,4.03,2/68,AUS,T
B J Hodge,Bradley Hodge,29/12/1974,2005-2008,6,11,503,1,203,55.89,0,0,-,4.00,0/8,AUS,T
J H Hodges,John Hodges,31/07/1856,1877-1877,2,4,10,0,8*,3.33,6,0,14.00,3.71,2/7,AUS,T
T G Hogan,Thomas Hogan,23/09/1956,1983-1984,7,12,205,0,42,18.64,15,1,47.07,2.95,5/66,AUS,T
G B Hogg,Brad Hogg,06/02/1971,1996-2008,7,10,186,0,79*,26.57,17,0,54.88,3.67,2/40,AUS,T
R M Hogg,Rodney Hogg,05/03/1951,1978-1984,38,58,439,0,52*,9.76,123,6,28.48,2.75,6/74,AUS,T
T V Hohns,Trevor Hohns,23/01/1954,1989-1989,7,7,136,0,40*,22.67,17,0,34.12,2.28,3/59,AUS,T
G B Hole,Graeme Hole,06/01/1931,1951-1954,18,33,789,0,66*,25.45,3,0,42.00,1.90,1/9,AUS,T
J M Holland,Jonathan Holland,29/05/1987,2016-2018,4,7,6,0,3*,3.00,9,0,63.78,3.59,3/83,AUS,T
R G Holland,Robert Holland,19/10/1946,1984-1986,11,15,35,0,10*,3.18,34,3,39.76,2.81,6/54,AUS,T
D W Hookes,David Hookes,03/05/1955,1977-1985,23,41,1306,1,143,34.37,1,0,41.00,2.56,1/4,AUS,T
A J Y Hopkins,Albert Hopkins,03/05/1874,1902-1909,20,33,509,0,43*,16.42,26,0,26.77,3.15,4/81,AUS,T
T P Horan,Thomas Horan,08/03/1854,1877-1885,15,27,471,1,124*,18.84,11,1,13.00,2.30,6/40,AUS,T
H V Hordern,Herbert Hordern,10/02/1883,1911-1912,7,13,254,0,50*,23.09,46,5,23.37,3.00,7/90,AUS,T
P M Hornibrook,Percival Hornibrook,27/07/1899,1929-1930,6,7,60,0,26*,10.00,17,1,39.06,2.52,7/92,AUS,T
W P Howell,William Howell,29/12/1869,1898-1904,18,27,158,0,35*,7.52,49,1,28.71,2.17,5/81,AUS,T
K J Hughes,Kim Hughes,26/01/1954,1977-1984,70,124,4415,9,213*,37.42,0,0,-,1.98,0/0,AUS,T
M G Hughes,Merv Hughes,23/11/1961,1985-1994,53,70,1032,0,72,16.65,212,7,28.38,2.94,8/87,AUS,T
P J Hughes,Phillip Hughes,30/11/1988,2009-2013,26,49,1535,3,160*,32.66,0,0,-,-,,AUS,T
W A Hunt,William Hunt,26/08/1908,1932-1932,1,1,0,0,0*,0.00,0,0,-,2.44,0/14,AUS,T
A G Hurst,Alan Hurst,15/07/1950,1974-1979,12,20,102,0,26*,6.00,43,2,27.91,2.36,5/28,AUS,T
A Hurwood,Alexander Hurwood,17/06/1902,1930-1931,2,2,5,0,5*,2.50,11,0,15.45,1.97,4/22,AUS,T
M E K Hussey,Michael Hussey,27/05/1975,2005-2013,79,137,6235,19,195*,51.53,7,0,43.71,3.12,1/0,AUS,T
J P Inglis*,Josh Inglis,04/03/1995,2025-,2,2,102,1,102*,51.00,0,0,-,-,,AUS,T
R J Inverarity,Robert Inverarity,31/01/1944,1968-1972,6,11,174,0,56*,17.40,4,0,23.25,1.50,3/26,AUS,T
F A Iredale,Francis Iredale,19/06/1867,1894-1899,14,23,807,2,140*,36.68,0,0,-,1.50,0/3,AUS,T
H Ironmonger,Bert Ironmonger,07/04/1882,1928-1933,14,21,42,0,12*,2.63,74,4,17.97,1.70,7/23,AUS,T
J B Iverson,John Iverson,27/07/1915,1950-1951,5,7,3,0,1,0.75,21,1,15.24,1.73,6/27,AUS,T
A A Jackson,Archibald Jackson,05/09/1909,1929-1931,8,11,474,1,164*,47.40,0,0,-,-,,AUS,T
P A Jaques,Philip Jaques,03/05/1979,2005-2008,11,19,902,3,150*,47.47,0,0,-,-,,AUS,T
B N Jarman,Barry Jarman,17/02/1936,1959-1969,19,30,400,0,78*,14.81,0,0,-,-,,AUS,T
A H Jarvis,Arthur Jarvis,19/10/1860,1885-1895,11,21,303,0,82*,16.83,0,0,-,-,,AUS,T
T J Jenner,Terrence Jenner,08/09/1944,1970-1975,9,14,208,0,74*,23.11,24,1,31.21,2.39,5/90,AUS,T
C B Jennings,Claude Jennings,05/06/1884,1912-1912,6,8,107,0,32*,17.83,0,0,-,-,,AUS,T
I W Johnson,Ian Johnson,08/12/1917,1946-1956,45,66,1000,0,77*,18.52,109,3,29.19,2.17,7/44,AUS,T
L J Johnson,Leonard Johnson,18/03/1919,1948-1948,1,1,25,0,25,0.00,6,0,12.33,1.57,3/8,AUS,T
M G Johnson,Mitchell Johnson,02/11/1981,2007-2015,73,109,2065,1,123,22.20,313,12,28.41,3.33,8/61,AUS,T
W A Johnston,William Johnston,26/02/1922,1947-1955,40,49,273,0,29*,11.38,160,7,23.91,2.08,6/44,AUS,T
D M Jones,Dean Jones,24/03/1961,1984-1992,52,89,3631,11,216*,46.55,1,0,64.00,1.94,1/5,AUS,T
E Jones,Ernest Jones,30/09/1869,1894-1902,19,26,126,0,20*,5.04,64,3,29.02,2.97,7/88,AUS,T
S P Jones,Samuel Jones,01/08/1861,1882-1888,12,24,432,0,87*,21.60,6,0,18.67,2.56,4/47,AUS,T
L R Joslin,Leslie Joslin,13/12/1947,1968-1968,1,2,9,0,7*,4.50,0,0,-,-,,AUS,T
B P Julian,Brendon Julian,10/08/1970,1993-1995,7,9,128,0,56,16.00,15,0,39.93,3.27,4/36,AUS,T
M S Kasprowicz,Michael Kasprowicz,10/02/1972,1996-2006,38,54,445,0,25*,10.60,113,4,32.88,3.12,7/36,AUS,T
S M Katich,Simon Katich,21/08/1975,2001-2010,56,99,4188,10,157*,45.03,21,1,30.24,3.67,6/65,AUS,T
C E Kelleway,Charles Kelleway,24/04/1886,1910-1928,26,42,1422,3,147*,37.42,52,1,32.37,2.31,5/33,AUS,T
J J Kelly,James Kelly,10/05/1867,1896-1905,36,56,664,0,46,17.03,0,0,-,-,,AUS,T
T J D Kelly,Thomas Kelly,24/08/1851,1877-1879,2,3,64,0,35*,21.33,0,0,-,-,,AUS,T
T Kendall,Thomas Kendall,24/08/1851,1877-1877,2,4,39,0,17,13.00,14,1,15.36,2.29,7/55,AUS,T
M F Kent,Martin Kent,23/11/1953,1981-1981,3,6,171,0,54*,28.50,0,0,-,-,,AUS,T
R B Kerr,Robert Kerr,16/06/1961,1985-1985,2,4,31,0,17*,7.75,0,0,-,-,,AUS,T
U T Khawaja*,Usman Khawaja,18/12/1986,2011-,80,144,5930,16,232*,45.62,0,0,-,2.67,0/1,AUS,T
A F Kippax,Alan Kippax,25/05/1897,1925-1934,22,34,1192,2,146*,36.12,0,0,-,1.58,0/2,AUS,T
L F Kline,Lindsay Kline,29/09/1934,1957-1961,13,16,58,0,15,8.29,34,1,22.82,1.96,7/75,AUS,T
S Konstas*,Sam Konstas,02/10/2005,2024-,2,4,113,0,60*,28.25,0,0,-,-,,AUS,T
J J Krejza,Jason Krejza,14/01/1983,2008-2008,2,4,71,0,32*,23.67,13,1,43.23,4.54,8/215,AUS,T
M P Kuhnemann*,Matthew Kuhnemann,20/09/1996,2023-,5,6,18,0,6*,4.50,25,2,22.20,3.25,5/16,AUS,T
M Labuschagne*,Marnus Labuschagne,22/06/1994,2018-,57,102,4396,11,215*,46.77,13,0,61.15,3.76,3/45,AUS,T
B M Laird,Bruce Laird,21/11/1950,1979-1982,21,40,1341,0,92*,35.29,0,0,-,4.00,0/3,AUS,T
J L Langer,Justin Langer,21/11/1970,1993-2007,105,182,7696,23,250*,45.27,0,0,-,4.00,0/3,AUS,T
G R A Langley,Gil Langley,14/09/1919,1951-1956,26,37,374,0,53*,14.96,0,0,-,-,,AUS,T
T J Laughlin,Trevor Laughlin,30/01/1951,1978-1978,3,5,87,0,35*,17.40,6,1,43.67,3.05,5/101,AUS,T
F Laver,Frank Laver,07/12/1869,1899-1909,15,23,196,0,45*,11.53,37,2,26.05,2.45,8/31,AUS,T
S G Law,Stuart Law,18/10/1968,1995-1995,1,1,54,0,54,0.00,0,0,-,3.00,0/9,AUS,T
W M Lawry,Bill Lawry,11/02/1937,1961-1971,67,123,5234,13,210*,47.15,0,0,-,2.57,0/0,AUS,T
G F Lawson,Geoff Lawson,07/12/1957,1980-1989,46,68,894,0,74*,15.96,180,11,30.56,2.97,8/112,AUS,T
B Lee,Brett Lee,08/11/1976,1999-2008,76,90,1451,0,64*,20.15,310,10,30.82,3.47,5/30,AUS,T
P K Lee,Philip Lee,15/09/1904,1931-1933,2,3,57,0,42*,19.00,5,0,42.40,2.92,4/111,AUS,T
D S Lehmann,Darren Lehmann,05/02/1970,1998-2004,27,42,1798,5,177*,44.95,15,0,26.87,2.51,3/42,AUS,T
D K Lillee,Dennis Lillee,18/07/1949,1971-1984,70,90,905,0,73,13.71,355,23,23.92,2.76,7/83,AUS,T
R R Lindwall,Ray Lindwall,03/10/1921,1946-1960,61,84,1502,2,118*,21.15,228,12,23.03,2.31,7/38,AUS,T
H S B Love,Hampden Love,10/08/1895,1933-1933,1,2,8,0,5*,4.00,0,0,-,-,,AUS,T
M L Love,Martin Love,30/03/1974,2002-2003,5,8,233,1,100,46.60,0,0,-,-,,AUS,T
S J E Loxton,Samuel Loxton,29/03/1921,1948-1951,12,15,554,1,101*,36.93,8,0,43.63,2.31,3/55,AUS,T
N M Lyon*,Nathan Lyon,20/11/1987,2011-,136,171,1595,0,47*,12.86,553,24,30.20,2.94,8/50,AUS,T
J J Lyons,John Lyons,21/05/1863,1887-1897,14,27,731,1,134*,27.07,6,1,24.83,2.83,5/30,AUS,T
C G Macartney,Charles Macartney,27/06/1886,1907-1926,35,55,2131,7,170*,41.78,45,2,27.56,2.09,7/58,AUS,T
S C G MacGill,Stuart MacGill,25/02/1971,1998-2008,44,47,349,0,43*,9.69,208,12,29.02,3.22,8/108,AUS,T
K D Mackay,Kenneth Mackay,24/10/1925,1956-1963,37,52,1507,0,89*,33.49,50,2,34.42,1.78,6/42,AUS,T
J A Maclean,John Maclean,27/04/1946,1978-1979,4,8,79,0,33,11.29,0,0,-,-,,AUS,T
N J Maddinson,Nicolas Maddinson,21/12/1991,2016-2016,3,4,27,0,22*,6.75,0,0,-,4.50,0/9,AUS,T
L V Maddocks,Leonard Maddocks,24/05/1926,1954-1956,7,12,177,0,69*,17.70,0,0,-,-,,AUS,T
J N Maguire,John Maguire,15/09/1956,1983-1984,3,5,28,0,15,7.00,10,0,32.30,3.15,4/57,AUS,T
A A Mailey,Arthur Mailey,03/01/1886,1920-1926,21,29,222,0,46,11.10,99,6,33.92,3.29,9/121,AUS,T
A A Mallett,Ashley Mallett,13/07/1945,1968-1980,38,50,430,0,43,11.62,132,6,29.85,2.37,8/59,AUS,T
M F Malone,Michael Malone,09/10/1950,1977-1977,1,1,46,0,46*,46.00,6,1,12.83,1.35,5/63,AUS,T
A L Mann,Anthony Mann,08/11/1945,1977-1978,4,8,189,1,105*,23.63,4,0,79.00,3.43,3/12,AUS,T
G A Manou,Graham Manou,23/04/1979,2009-2009,1,2,21,0,13,21.00,0,0,-,-,,AUS,T
A P Marr,Alfred Marr,28/03/1862,1885-1885,1,2,5,0,5*,2.50,0,0,-,1.75,0/3,AUS,T
G R Marsh,Geoff Marsh,31/12/1958,1985-1992,50,93,2854,4,138*,33.19,0,0,-,-,,AUS,T
M R Marsh*,Mitchell Marsh,20/10/1991,2014-,46,80,2083,3,181*,28.53,51,1,40.41,3.55,5/46,AUS,T
R W Marsh,Rod Marsh,04/11/1947,1970-1984,96,150,3633,3,132*,26.52,0,0,-,4.50,0/3,AUS,T
S E Marsh,Shaun Marsh,09/07/1983,2011-2019,38,68,2265,6,182*,34.32,0,0,-,-,,AUS,T
J W Martin,John Martin,28/07/1931,1960-1967,8,13,214,0,55*,17.83,17,0,48.94,2.70,3/56,AUS,T
D R Martyn,Damien Martyn,21/10/1971,1992-2006,67,109,4406,13,165*,46.38,2,0,84.00,2.90,1/0,AUS,T
H H Massie,Hugh Massie,11/04/1854,1881-1885,9,16,249,0,55*,15.56,0,0,-,-,,AUS,T
R A L Massie,Robert Massie,14/04/1947,1972-1973,6,8,78,0,42*,11.14,31,2,20.87,2.23,8/53,AUS,T
C D Matthews,Chris Matthews,22/09/1962,1986-1988,3,5,54,0,32*,10.80,6,0,52.17,3.29,3/95,AUS,T
G R J Matthews,Greg Matthews,15/12/1959,1983-1993,33,53,1849,4,130*,41.09,61,2,48.23,2.81,5/103,AUS,T
T J Matthews,Thomas Matthews,03/04/1884,1912-1912,8,10,153,0,53*,17.00,16,0,26.19,2.33,4/29,AUS,T
G J Maxwell*,Glenn Maxwell,14/10/1988,2013-2017,7,14,339,1,104*,26.08,8,0,42.63,4.43,4/127,AUS,T
T B A May,Tim May,26/01/1962,1987-1995,24,28,225,0,42,14.06,75,3,34.75,2.38,5/9,AUS,T
E R Mayne,Ernie Mayne,02/07/1882,1912-1921,4,4,64,0,25,21.33,0,0,-,1.00,0/1,AUS,T
L C Mayne,Laurence Mayne,23/01/1942,1965-1970,6,11,76,0,13*,9.50,19,0,33.05,3.01,4/43,AUS,T
P A McAlister,Percy McAlister,11/07/1869,1904-1909,8,16,252,0,41*,16.80,0,0,-,-,,AUS,T
S J McCabe,Stanley McCabe,16/07/1910,1930-1938,39,62,2748,6,232*,48.21,36,0,42.86,2.47,4/13,AUS,T
C L McCool,Colin McCool,09/12/1916,1946-1950,14,17,459,1,104,35.31,36,3,26.61,2.30,5/41,AUS,T
E L McCormick,Ernest McCormick,16/05/1906,1935-1938,12,14,54,0,17,6.00,36,0,29.97,3.07,4/101,AUS,T
R B McCosker,Richard McCosker,11/12/1946,1975-1980,25,46,1622,4,127*,39.56,0,0,-,-,,AUS,T
C J McDermott,Craig McDermott,14/04/1965,1984-1996,71,90,940,0,42,12.21,291,14,28.63,3.01,8/97,AUS,T
A B McDonald,Andrew McDonald,05/06/1981,2009-2009,4,6,107,0,68*,21.40,9,0,33.33,2.46,3/25,AUS,T
C C McDonald,Colin McDonald,17/11/1928,1952-1961,47,83,3107,5,170*,39.33,0,0,-,2.25,0/3,AUS,T
E A McDonald,Edgar McDonald,06/01/1891,1921-1921,11,12,116,0,36*,16.57,43,2,33.28,2.98,5/32,AUS,T
P S McDonnell,Percy McDonnell,13/11/1858,1880-1888,19,34,950,3,147*,28.79,0,0,-,6.12,0/11,AUS,T
B E McGain,Bryce McGain,25/03/1972,2009-2009,1,2,2,0,2*,1.00,0,0,-,8.28,0/149,AUS,T
G D McGrath,Glenn McGrath,09/02/1970,1993-2007,124,138,641,0,61*,7.37,563,29,21.64,2.50,8/24,AUS,T
J McIlwraith,John McIlwraith,07/09/1857,1886-1886,1,2,9,0,7*,4.50,0,0,-,-,,AUS,T
P E McIntyre,Peter McIntyre,27/04/1966,1995-1996,2,4,22,0,16*,7.33,5,0,38.80,2.96,3/103,AUS,T
C J McKay,Clinton McKay,22/02/1983,2009-2009,1,1,10,0,10*,10.00,1,0,101.00,3.61,1/56,AUS,T
G D McKenzie,Graham McKenzie,24/06/1941,1961-1971,60,89,945,0,76*,12.27,246,16,29.79,2.49,8/71,AUS,T
T R McKibbin,Thomas McKibbin,10/10/1870,1895-1898,5,8,88,0,28,14.67,17,0,29.18,2.88,3/35,AUS,T
J W McLaren,John McLaren,24/12/1887,1912-1912,1,2,0,0,0,0.00,1,0,70.00,2.92,1/23,AUS,T
C E Mcleod,Charles Mcleod,24/10/1869,1894-1905,17,29,573,1,112*,23.88,33,2,40.15,2.36,5/65,AUS,T
R W McLeod,Robert McLeod,19/01/1868,1892-1893,6,11,146,0,31*,13.27,12,1,31.83,2.10,5/53,AUS,T
P G McShane,Patrick McShane,18/04/1858,1885-1888,3,6,26,0,12,5.20,1,0,48.00,2.67,1/39,AUS,T
N A McSweeney*,Nathan McSweeney,08/03/1999,2024-,3,6,72,0,39*,14.40,0,0,-,-,,AUS,T
I Meckiff,Ian Meckiff,06/01/1935,1957-1963,18,20,154,0,45,11.85,45,2,31.62,2.29,6/38,AUS,T
J M Mennie,Joe Mennie,24/12/1988,2016-2016,1,2,10,0,10*,5.00,1,0,85.00,3.04,1/85,AUS,T
K D Meuleman,Kenneth Meuleman,05/09/1923,1946-1946,1,1,0,0,0*,0.00,0,0,-,-,,AUS,T
W E Midwinter,William Midwinter,19/06/1851,1877-1887,8,14,174,0,37*,13.38,14,1,23.79,2.11,5/78,AUS,T
C R Miller,Colin Miller,06/02/1964,1998-2001,18,24,174,0,43*,8.29,69,3,26.16,2.65,5/32,AUS,T
K R Miller,Keith Miller,28/11/1919,1946-1956,55,87,2958,7,147*,36.98,170,7,22.98,2.24,7/60,AUS,T
R B Minnett,Roy Minnett,13/06/1888,1911-1912,9,15,391,0,90*,26.07,11,0,26.36,2.95,4/34,AUS,T
F M Misson,Frank Misson,19/11/1938,1960-1961,5,5,38,0,25,19.00,16,0,38.50,3.09,4/58,AUS,T
T M Moody,Tom Moody,02/10/1965,1989-1992,8,14,456,2,106*,32.57,2,0,73.50,2.04,1/17,AUS,T
J A R Moroney,John Moroney,24/07/1917,1949-1951,7,12,383,2,118*,34.82,0,0,-,-,,AUS,T
A R Morris,Arthur Morris,19/01/1922,1946-1955,46,79,3533,12,206*,46.49,2,0,25.00,2.70,1/5,AUS,T
S Morris,Samuel Morris,22/06/1855,1885-1885,1,2,14,0,10,14.00,2,0,36.50,3.22,2/73,AUS,T
H Moses,Henry Moses,13/02/1858,1887-1895,6,10,198,0,33*,19.80,0,0,-,-,,AUS,T
J K Moss,Jeffrey Moss,29/06/1947,1979-1979,1,2,60,0,38,60.00,0,0,-,-,,AUS,T
W H Moule,William Moule,31/01/1858,1880-1880,1,2,40,0,34*,20.00,3,0,7.67,2.71,3/23,AUS,T
S A Muller,Scott Muller,11/07/1971,1999-1999,2,2,6,0,6,0.00,7,0,36.86,4.45,3/68,AUS,T
W L Murdoch,William Murdoch,18/10/1854,1877-1890,18,33,896,2,211*,32.00,0,0,-,-,,AUS,T
T Murphy*,Todd Murphy,15/11/2000,2023-,7,10,122,0,41*,13.56,22,1,28.14,3.21,7/124,AUS,T
H Musgrove,Henry Musgrove,27/11/1860,1885-1885,1,2,13,0,9*,6.50,0,0,-,-,,AUS,T
L E Nagel,Lisle Nagel,06/03/1905,1932-1932,1,2,21,0,21,21.00,2,0,55.00,2.52,2/110,AUS,T
L J Nash,Laurence Nash,02/05/1910,1932-1937,2,2,30,0,17*,15.00,10,0,12.60,2.43,4/18,AUS,T
M G Neser*,Michael Neser,29/03/1990,2021-,2,3,56,0,35*,18.67,7,0,16.71,2.50,3/22,AUS,T
P M Nevill,Peter Nevill,13/10/1985,2015-2016,17,23,468,0,66*,22.29,0,0,-,-,,AUS,T
M J Nicholson,Matthew Nicholson,02/10/1974,1998-1998,1,2,14,0,9*,7.00,4,0,28.75,4.60,3/56,AUS,T
H C Nitschke,Holmesdale Nitschke,14/04/1905,1931-1931,2,2,53,0,47*,26.50,0,0,-,-,,AUS,T
M A Noble,Montague Noble,28/01/1873,1898-1909,42,73,1997,1,133*,30.26,121,9,25.00,2.55,7/17,AUS,T
G J Noblet,Geoffrey Noblet,14/09/1916,1950-1953,3,4,22,0,13,7.33,7,0,26.14,1.42,3/21,AUS,T
M J North,Marcus North,28/07/1979,2009-2010,21,35,1171,5,128*,35.48,14,1,42.21,2.82,6/55,AUS,T
O E Nothling,Otto Nothling,01/08/1900,1928-1928,1,2,52,0,44*,26.00,0,0,-,1.57,0/12,AUS,T
L P O'Brien,Leo O'Brien,02/07/1907,1932-1936,5,8,211,0,61*,26.38,0,0,-,-,,AUS,T
J D A O'Connor,John O'Connor,09/09/1875,1908-1909,4,8,86,0,20*,12.29,13,1,26.15,2.95,5/40,AUS,T
S P O'Donnell,Simon O'Donnell,26/01/1963,1985-1985,6,10,206,0,48*,29.43,6,0,84.00,3.22,3/37,AUS,T
A D Ogilvie,David Ogilvie,03/06/1951,1977-1978,5,10,178,0,47*,17.80,0,0,-,-,,AUS,T
S N J O'Keefe,Steve O'Keefe,09/12/1984,2014-2017,9,13,86,0,25*,9.56,35,2,29.40,2.77,6/35,AUS,T
K J O'Keeffe,Kerry O'Keeffe,25/11/1949,1971-1977,24,34,644,0,85*,25.76,53,1,38.08,2.25,5/101,AUS,T
W A S Oldfield,Bert Oldfield,09/09/1894,1920-1937,54,80,1427,0,65,22.65,0,0,-,-,,AUS,T
N C O'Neill,Norman O'Neill,19/02/1937,1958-1965,42,69,2779,6,181*,45.56,17,0,39.24,2.88,4/41,AUS,T
W J O'Reilly,William O'Reilly,20/12/1905,1932-1946,27,39,410,0,56,12.81,144,11,22.60,1.95,7/54,AUS,T
R K Oxenham,Ronald Oxenham,28/07/1891,1928-1931,7,10,151,0,48*,15.10,14,0,37.29,1.74,4/39,AUS,T
T D Paine,Tim Paine,08/12/1984,2010-2021,35,57,1534,0,92*,32.64,0,0,-,-,,AUS,T
G E Palmer,George Palmer,22/02/1859,1880-1886,17,25,296,0,48*,14.10,78,6,21.51,2.23,7/65,AUS,T
R L Park,Roy Park,30/07/1892,1920-1920,1,1,0,0,0*,0.00,0,0,-,9.00,0/9,AUS,T
L S Pascoe,Leonard Pascoe,13/02/1950,1977-1982,14,19,106,0,30,10.60,64,1,26.06,2.94,5/59,AUS,T
K R Patterson,Kurtis Patterson,05/05/1993,2019-2019,2,2,144,1,114,144.00,0,0,-,-,,AUS,T
J L Pattinson,James Pattinson,03/05/1990,2011-2020,21,25,417,0,47,26.06,81,4,26.33,3.23,5/27,AUS,T
C E Pellew,Clarence Pellew,21/09/1893,1920-1921,10,14,484,2,116*,37.23,0,0,-,2.62,0/3,AUS,T
W B Phillips,Wayne Phillips,01/03/1958,1983-1986,27,48,1485,2,159*,32.28,0,0,-,-,,AUS,T
W N Phillips,Wayne Phillips,07/11/1962,1992-1992,1,2,22,0,14*,11.00,0,0,-,-,,AUS,T
P I Philpott,Peter Philpott,21/11/1934,1965-1966,8,10,93,0,22*,10.33,26,1,38.46,2.65,5/90,AUS,T
W H Ponsford,William Ponsford,19/10/1900,1924-1934,29,48,2122,7,266*,48.23,0,0,-,-,,AUS,T
R T Ponting,Ricky Ponting,19/12/1974,1995-2012,168,287,13378,41,257*,51.85,5,0,55.20,2.82,1/0,AUS,T
R J Pope,Roland Pope,18/02/1864,1885-1885,1,2,3,0,3*,1.50,0,0,-,-,,AUS,T
W J Pucovski,Will Pucovski,02/02/1998,2021-2021,1,2,72,0,62*,36.00,0,0,-,-,,AUS,T
R J Quiney,Rob Quiney,20/08/1982,2012-2012,2,3,9,0,9*,3.00,0,0,-,1.16,0/3,AUS,T
C G Rackemann,Carl Rackemann,03/06/1960,1982-1991,12,14,53,0,15,5.30,39,3,29.15,2.51,6/86,AUS,T
V S Ransford,Vernon Ransford,20/03/1885,1907-1912,20,38,1211,1,143,37.84,1,0,28.00,3.91,1/9,AUS,T
I R Redpath,Ian Redpath,11/05/1941,1964-1976,66,120,4737,8,171*,43.46,0,0,-,3.84,0/0,AUS,T
J C Reedman,John Reedman,09/10/1865,1894-1894,1,2,21,0,17*,10.50,1,0,24.00,2.53,1/12,AUS,T
B A Reid,Bruce Reid,14/03/1963,1985-1992,27,34,93,0,13*,4.65,113,5,24.64,2.68,7/51,AUS,T
P R Reiffel,Paul Reiffel,19/04/1966,1992-1998,35,50,955,0,79,26.53,104,5,26.96,2.63,6/71,AUS,T
D A Renneberg,David Renneberg,23/09/1942,1966-1968,8,13,22,0,9*,3.67,23,2,36.09,3.12,5/39,AUS,T
M T Renshaw*,Matt Renshaw,28/03/1996,2016-,14,24,645,1,184*,29.32,0,0,-,4.00,0/4,AUS,T
A J Richardson,Arthur Richardson,24/07/1888,1924-1926,9,13,403,1,100*,31.00,12,0,43.42,1.73,2/20,AUS,T
J A Richardson*,Jhye Richardson,20/09/1996,2019-2021,3,3,18,0,9*,6.00,11,1,22.09,2.73,5/42,AUS,T
V Y Richardson,Victor Richardson,07/09/1894,1924-1936,19,30,706,1,138*,23.53,0,0,-,-,,AUS,T
K E Rigg,Keith Rigg,21/05/1906,1931-1937,8,12,401,1,127*,33.42,0,0,-,-,,AUS,T
D T Ring,Douglas Ring,14/10/1918,1948-1953,13,21,426,0,67*,22.42,35,2,37.29,2.59,6/72,AUS,T
G M Ritchie,Greg Ritchie,23/01/1960,1982-1987,30,53,1690,3,146*,35.21,0,0,-,10.00,0/10,AUS,T
S J Rixon,Steve Rixon,25/02/1954,1977-1984,13,24,394,0,54*,18.76,0,0,-,-,,AUS,T
G R Robertson,Gavin Robertson,28/05/1966,1998-1998,4,7,140,0,57*,20.00,13,0,39.62,3.44,4/72,AUS,T
W R Robertson,Digger Robertson,06/10/1861,1885-1885,1,2,2,0,2*,1.00,0,0,-,3.27,0/24,AUS,T
R D Robinson,Richard Robinson,08/06/1946,1977-1977,3,6,100,0,34*,16.67,0,0,-,-,,AUS,T
R H Robinson,Rayford Robinson,26/03/1914,1936-1936,1,2,5,0,3*,2.50,0,0,-,-,,AUS,T
C J L Rogers,Christopher Rogers,31/08/1977,2008-2015,25,48,2015,5,173*,42.87,0,0,-,-,,AUS,T
G F Rorke,Gordon Rorke,27/06/1938,1959-1959,4,4,9,0,7*,4.50,10,0,20.30,1.73,3/23,AUS,T
J W Rutherford,John Rutherford,25/09/1929,1956-1956,1,1,30,0,30*,30.00,1,0,15.00,2.50,1/11,AUS,T
J Ryder,John Ryder,08/08/1889,1920-1929,20,32,1394,3,201,51.63,17,0,43.71,2.35,2/20,AUS,T
R A Saggers,Ronald Saggers,15/05/1917,1948-1950,6,5,30,0,14*,10.00,0,0,-,-,,AUS,T
J V Saunders,John Saunders,21/03/1876,1902-1908,14,23,39,0,11,2.29,79,6,22.73,3.02,7/34,AUS,T
C J Sayers,Chadd Sayers,31/08/1987,2018-2018,1,2,0,0,0*,0.00,2,0,73.00,2.98,2/78,AUS,T
H J H Scott,Henry Scott,26/12/1858,1884-1886,8,14,359,1,102*,27.62,0,0,-,5.57,0/9,AUS,T
R H D Sellers,Reginald Sellers,20/08/1940,1964-1964,1,1,0,0,0*,0.00,0,0,-,3.40,0/17,AUS,T
C S Serjeant,Craig Serjeant,01/11/1951,1977-1978,12,23,522,1,124*,23.73,0,0,-,-,,AUS,T
A P Sheahan,Paul Sheahan,30/09/1946,1967-1974,31,53,1594,2,127*,33.91,0,0,-,-,,AUS,T
B K Shepherd,Barry Shepherd,23/04/1937,1963-1965,9,14,502,0,96*,41.83,0,0,-,2.08,0/3,AUS,T
P M Siddle,Peter Siddle,25/11/1984,2008-2019,67,94,1164,0,51*,14.73,221,8,30.67,2.92,6/54,AUS,T
M W Sievers,Morris Sievers,13/04/1912,1936-1937,3,6,67,0,25,13.40,9,1,17.89,1.60,5/21,AUS,T
R B Simpson,Bob Simpson,03/02/1936,1957-1978,62,111,4869,10,311*,46.82,71,2,42.27,2.62,5/57,AUS,T
D J Sincock,David Sincock,01/02/1942,1964-1966,3,4,80,0,29*,26.67,8,0,51.25,3.40,3/67,AUS,T
K N Slater,Keith Slater,12/03/1936,1959-1959,1,1,1,0,1,0.00,2,0,50.50,2.37,2/40,AUS,T
M J Slater,Michael Slater,21/02/1970,1993-2001,74,131,5312,14,219*,42.84,1,0,10.00,2.40,1/4,AUS,T
P R Sleep,Peter Sleep,04/05/1957,1979-1990,14,21,483,0,90*,24.15,31,1,45.06,2.81,5/72,AUS,T
J Slight,James Slight,20/10/1855,1880-1880,1,2,11,0,11*,5.50,0,0,-,-,,AUS,T
D B M Smith,David Smith,14/09/1884,1912-1912,2,3,30,0,24,15.00,0,0,-,-,,AUS,T
S B Smith,Steve Smith,18/10/1961,1984-1984,3,5,41,0,12*,8.20,0,0,-,-,,AUS,T
S P D Smith*,Steve Smith,02/06/1989,2010-,116,206,10271,36,239*,56.75,19,0,53.05,4.11,3/18,AUS,T
F R Spofforth,Frederick Spofforth,09/09/1853,1877-1887,18,29,217,0,50*,9.43,94,7,18.41,2.48,7/44,AUS,T
K R Stackpole,Keith Stackpole,10/07/1940,1966-1974,43,80,2807,7,207*,37.43,15,0,66.73,2.59,2/33,AUS,T
M A Starc*,Mitchell Starc,30/01/1990,2011-,96,139,2217,0,99*,20.15,382,15,27.58,3.41,6/48,AUS,T
G B Stevens,Gavin Stevens,29/02/1932,1959-1960,4,7,112,0,28*,16.00,0,0,-,-,,AUS,T
M J Swepson*,Mitchell Swepson,04/10/1993,2022-,4,5,28,0,15,7.00,10,0,45.80,3.08,3/55,AUS,T
A Symonds,Andrew Symonds,09/06/1975,2004-2008,26,41,1462,2,162,40.61,24,0,37.33,2.57,3/50,AUS,T
H B Taber,Brian Taber,29/04/1940,1966-1970,16,27,353,0,48*,16.05,0,0,-,-,,AUS,T
S W Tait,Shaun Tait,22/02/1983,2005-2008,3,5,20,0,8*,6.67,5,0,60.40,4.38,3/97,AUS,T
D Tallon,Donald Tallon,17/02/1916,1946-1953,21,26,394,0,92*,17.13,0,0,-,-,,AUS,T
J M Taylor,John Taylor,10/10/1895,1920-1926,20,28,997,1,108*,35.61,1,0,45.00,2.37,1/25,AUS,T
M A Taylor,Mark Taylor,27/10/1964,1989-1999,104,186,7525,19,334,43.50,1,0,26.00,3.71,1/11,AUS,T
P L Taylor,Peter Taylor,22/08/1956,1987-1991,13,19,431,0,87*,26.94,27,1,39.56,2.88,6/78,AUS,T
G Thomas,Grahame Thomas,21/03/1938,1965-1966,8,12,325,0,61*,29.55,0,0,-,-,,AUS,T
N Thompson,Nathaniel Thompson,21/04/1838,1877-1877,2,4,67,0,41*,16.75,1,0,31.00,1.66,1/14,AUS,T
G R Thoms,George Thoms,22/03/1927,1952-1952,1,2,44,0,28*,22.00,0,0,-,-,,AUS,T
A L Thomson,Alan Thomson,02/12/1945,1970-1971,4,5,22,0,12,22.00,12,0,54.50,2.58,3/79,AUS,T
J R Thomson,Jeff Thomson,16/08/1950,1972-1985,51,73,679,0,49*,12.81,200,8,28.01,3.19,6/46,AUS,T
H M Thurlow,Hugh Thurlow,10/01/1903,1932-1932,1,1,0,0,0*,0.00,0,0,-,2.21,0/33,AUS,T
P M Toohey,Peter Toohey,20/04/1954,1977-1979,15,29,893,1,122*,31.89,0,0,-,12.00,0/4,AUS,T
E R H Toshack,Ernest Toshack,15/12/1914,1946-1948,12,11,73,0,20,14.60,47,4,21.04,1.89,6/29,AUS,T
J P F Travers,John Travers,10/01/1871,1902-1902,1,2,10,0,9*,5.00,1,0,14.00,1.75,1/14,AUS,T
G E Tribe,George Tribe,04/10/1920,1946-1947,3,3,35,0,25,17.50,2,0,165.00,2.61,2/48,AUS,T
A E Trott,Albert Trott,06/02/1873,1895-1895,3,5,205,0,85,102.50,9,1,21.33,2.43,8/43,AUS,T
G H S Trott,George Trott,05/08/1866,1888-1898,24,42,921,1,143*,21.93,29,0,35.14,3.23,4/71,AUS,T
H Trumble,Hugh Trumble,12/05/1867,1890-1904,32,57,851,0,70*,19.79,141,9,21.79,2.28,8/65,AUS,T
J W Trumble,John Trumble,16/09/1863,1885-1886,7,13,243,0,59*,20.25,10,0,22.20,2.22,3/29,AUS,T
V T Trumper,Victor Trumper,02/11/1877,1899-1912,48,89,3163,8,214,39.05,8,0,39.63,3.48,3/60,AUS,T
A Turner,Alan Turner,23/07/1950,1975-1977,14,27,768,1,136*,29.54,0,0,-,-,,AUS,T
C T B Turner,Charles Turner,16/11/1862,1887-1895,17,32,323,0,29*,11.54,101,11,16.53,1.93,7/43,AUS,T
T R Veivers,Tom Veivers,06/04/1937,1963-1967,21,30,813,0,88*,31.27,33,0,41.67,1.97,4/68,AUS,T
M R J Veletta,Michael Veletta,30/10/1963,1987-1990,8,11,207,0,39*,18.82,0,0,-,-,,AUS,T
A C Voges,Adam Voges,04/10/1979,2015-2016,20,31,1485,5,269,61.88,0,0,-,3.47,0/3,AUS,T
M S Wade*,Matthew Wade,26/12/1987,2012-2021,36,63,1613,4,117*,29.87,0,0,-,5.60,0/0,AUS,T
M G Waite,Mervyn Waite,07/01/1911,1938-1938,2,3,11,0,8*,3.67,1,0,190.00,2.07,1/150,AUS,T
M H N Walker,Max Walker,12/09/1948,1972-1977,34,43,586,0,78,19.53,138,6,27.48,2.25,8/143,AUS,T
T W Wall,Thomas Wall,13/05/1904,1929-1934,18,24,121,0,20*,6.37,56,3,35.89,2.51,5/14,AUS,T
F H Walters,Francis Walters,09/02/1860,1885-1885,1,2,12,0,7*,6.00,0,0,-,-,,AUS,T
K D Walters,Doug Walters,21/12/1945,1965-1981,74,125,5357,15,250*,48.26,49,1,29.08,2.59,5/66,AUS,T
F A Ward,Francis Ward,23/02/1906,1936-1938,4,8,36,0,18*,6.00,11,1,52.18,2.72,6/102,AUS,T
S K Warne,Shane Warne,13/09/1969,1992-2007,145,199,3154,0,99*,17.33,708,37,25.42,2.65,8/71,AUS,T
D A Warner,David Warner,27/10/1986,2011-2024,112,205,8786,26,335,44.60,4,0,67.25,4.72,2/45,AUS,T
J R Watkins,John Watkins,16/04/1943,1973-1973,1,2,39,0,36*,39.00,0,0,-,2.63,0/21,AUS,T
G D Watson,Graeme Watson,08/03/1945,1966-1972,5,9,97,0,50*,10.78,6,0,42.33,2.76,2/67,AUS,T
S R Watson,Shane Watson,17/06/1981,2005-2015,59,109,3731,4,176*,35.20,75,3,33.68,2.76,6/33,AUS,T
W J Watson,Bill Watson,31/01/1931,1955-1955,4,7,106,0,30*,17.67,0,0,-,5.00,0/5,AUS,T
M E Waugh,Mark Waugh,02/06/1965,1991-2002,128,209,8029,20,153,41.82,59,1,41.17,3.00,5/40,AUS,T
S R Waugh,Steve Waugh,02/06/1965,1985-2004,168,260,10927,32,200*,51.06,92,3,37.45,2.65,5/28,AUS,T
B J Webster*,Beau Webster,01/12/1993,2025-,3,4,150,0,57*,50.00,3,0,24.00,3.25,2/6,AUS,T
D M Wellham,Dirk Wellham,13/03/1959,1981-1987,6,11,257,1,103*,23.36,0,0,-,-,,AUS,T
K C Wessels,Kepler Wessels,14/09/1957,1982-1985,24,42,1761,4,179*,42.95,0,0,-,2.80,0/2,AUS,T
D F Whatmore,Davenell Whatmore,16/03/1954,1979-1979,7,13,293,0,77*,22.54,0,0,-,2.20,0/11,AUS,T
C L White,Cameron White,18/08/1983,2008-2008,4,7,146,0,46*,29.20,5,0,68.40,3.68,2/71,AUS,T
M R Whitney,Michael Whitney,24/02/1959,1981-1992,12,19,68,0,13*,6.18,39,2,33.97,2.98,7/27,AUS,T
W J Whitty,William Whitty,15/08/1886,1909-1912,14,19,161,0,39,13.42,65,3,21.12,2.45,6/17,AUS,T
J M Wiener,Julien Wiener,01/05/1955,1979-1980,6,11,281,0,93*,25.55,0,0,-,3.15,0/19,AUS,T
B A Williams,Brad Williams,20/11/1974,2003-2004,4,6,23,0,10,7.67,9,0,45.11,2.86,4/53,AUS,T
J W Wilson,John Wilson,20/08/1921,1956-1956,1,0,0,0,0*,0.00,1,0,64.00,1.78,1/25,AUS,T
P Wilson,Paul Wilson,12/01/1972,1998-1998,1,2,0,0,0,0.00,0,0,-,4.17,0/50,AUS,T
G M Wood,Graeme Wood,06/11/1956,1978-1988,59,112,3374,9,172*,31.83,0,0,-,-,,AUS,T
A J Woodcock,Ashley Woodcock,27/02/1947,1974-1974,1,1,27,0,27*,27.00,0,0,-,-,,AUS,T
W M Woodfull,William Woodfull,22/08/1897,1926-1934,35,54,2300,7,161*,46.00,0,0,-,-,,AUS,T
S M J Woods,Samuel Woods,13/08/1867,1888-1888,3,6,32,0,18*,5.33,5,0,24.20,3.35,2/35,AUS,T
R D Woolley,Roger Woolley,16/09/1954,1983-1984,2,2,21,0,13*,10.50,0,0,-,-,,AUS,T
J Worrall,John Worrall,21/06/1861,1885-1899,11,22,478,0,76*,25.16,1,0,127.00,2.99,1/97,AUS,T
K J Wright,Kevin Wright,27/12/1953,1979-1979,10,18,219,0,55,16.85,0,0,-,-,,AUS,T
G N Yallop,Graham Yallop,07/10/1952,1976-1984,39,70,2756,8,268*,41.13,1,0,116.00,3.63,1/21,AUS,T
B Yardley,Bruce Yardley,05/09/1947,1978-1983,33,54,978,0,74*,19.56,126,6,31.63,2.68,7/98,AUS,T
S Young,Shaun Young,13/06/1970,1997-1997,1,2,4,0,4,4.00,0,0,-,1.63,0/5,AUS,T
T J Zoehrer,Timothy Zoehrer,25/09/1961,1986-1987,10,14,246,0,52,20.50,0,0,-,-,,AUS,T
Total Players = 471,,,,,,,,,,,,,,,AUS,T
